<?xml version = '1.0' encoding = 'UTF-8'?>
<Table class="oracle.dbtools.crest.model.design.relational.Table" directorySegmentName="seg_0" id="80334DC9-BF8D-91AB-9C76-ED7B709A944A" name="Relation_8">
<createdBy>root</createdBy>
<createdTime>2024-09-15 03:05:31 UTC</createdTime>
<ownerDesignName>Modelo</ownerDesignName>
<allowColumnReorder>false</allowColumnReorder>
<existDependencyGenerateInDDl>true</existDependencyGenerateInDDl>
<parsed>true</parsed>
<columns itemClass="oracle.dbtools.crest.model.design.relational.Column">
<Column name="pago_id_pago" id="7D1E8165-CA72-D024-B7DA-EABAB5A28DBB">
<createdBy>root</createdBy>
<createdTime>2024-09-15 03:05:31 UTC</createdTime>
<ownerDesignName>Modelo</ownerDesignName>
<useDomainConstraints>false</useDomainConstraints>
<use>1</use>
<logicalDatatype>LOGDT019</logicalDatatype>
<dataTypePrecision>10</dataTypePrecision>
<ownDataTypeParameters>,,</ownDataTypeParameters>
<previousColumn>false</previousColumn>
<autoIncrementCycle>false</autoIncrementCycle>
<associations>
<colAssociation fkAssociation="4D05F403-402F-8446-BEB4-80A6676629D7" referredColumn="4AD768CC-B2AA-040A-8E8B-2AC8FF94FC2B"/>
</associations>
</Column>
<Column name="Reparacion_id_reparacion" id="F7406A59-C70E-27BC-0EB7-7574441CC965">
<createdBy>root</createdBy>
<createdTime>2024-09-15 03:05:31 UTC</createdTime>
<ownerDesignName>Modelo</ownerDesignName>
<useDomainConstraints>false</useDomainConstraints>
<use>1</use>
<logicalDatatype>LOGDT019</logicalDatatype>
<dataTypePrecision>10</dataTypePrecision>
<ownDataTypeParameters>,,</ownDataTypeParameters>
<previousColumn>false</previousColumn>
<autoIncrementCycle>false</autoIncrementCycle>
<associations>
<colAssociation fkAssociation="6EDEA23A-70D5-EE09-DE04-38B484801CF2" referredColumn="CCE2DC4C-68E1-AB93-6F3F-A8EBC6F27706"/>
</associations>
</Column>
</columns>
<indexes itemClass="oracle.dbtools.crest.model.design.relational.Index">
<ind_PK_UK id="28C29C5A-082E-0D6B-9DDB-806A6D3D021C" name="Relation_8_PK">
<createdBy>root</createdBy>
<createdTime>2024-09-15 03:05:31 UTC</createdTime>
<ownerDesignName>Modelo</ownerDesignName>
<pk>true</pk>
<indexState>Primary Constraint</indexState>
<isSurrogateKey>false</isSurrogateKey>
<indexColumnUsage>
<colUsage columnID="7D1E8165-CA72-D024-B7DA-EABAB5A28DBB"/>
<colUsage columnID="F7406A59-C70E-27BC-0EB7-7574441CC965"/>
</indexColumnUsage>
</ind_PK_UK>
<ind_PK_UK id="1EF36FEA-D9D6-197A-7CA6-517FB4859CEB" name="Relation_8_pago_FK">
<createdBy>root</createdBy>
<createdTime>2024-09-15 03:05:31 UTC</createdTime>
<generatorID>30B3A036-2CCE-0925-00B3-69841861AAE2</generatorID>
<ownerDesignName>Modelo</ownerDesignName>
<indexState>Foreign Key</indexState>
<isSurrogateKey>false</isSurrogateKey>
<indexColumnUsage>
<colUsage columnID="7D1E8165-CA72-D024-B7DA-EABAB5A28DBB"/>
</indexColumnUsage>
</ind_PK_UK>
<ind_PK_UK id="AE3D82F5-481E-BD35-EEA2-6B4DD589F506" name="Relation_8_Reparacion_FK">
<createdBy>root</createdBy>
<createdTime>2024-09-15 03:05:31 UTC</createdTime>
<generatorID>30B3A036-2CCE-0925-00B3-69841861AAE2</generatorID>
<ownerDesignName>Modelo</ownerDesignName>
<indexState>Foreign Key</indexState>
<isSurrogateKey>false</isSurrogateKey>
<indexColumnUsage>
<colUsage columnID="F7406A59-C70E-27BC-0EB7-7574441CC965"/>
</indexColumnUsage>
</ind_PK_UK>
</indexes>
</Table>