<?xml version = '1.0' encoding = 'UTF-8'?>
<relationalModel class="oracle.dbtools.crest.model.design.relational.RelationalDesign" name="Blaze modelo relacional" id="05035A34-051E-BEAE-E6FC-EE589BA89702" mainViewID="A1E6E7FC-1148-7B89-C8B3-618E4750CD79">
<createdBy>root</createdBy>
<createdTime>2024-10-12 17:34:06 UTC</createdTime>
<ownerDesignName>Modelo</ownerDesignName>
<shouldBeOpen>false</shouldBeOpen>
<selectedRDBMSSite>01F6E6D1-21D0-CFBD-ABDD-3988D1813575</selectedRDBMSSite>
</relationalModel>