<?xml version = '1.0' encoding = 'UTF-8'?>
<Entity class="oracle.dbtools.crest.model.design.logical.Entity" directorySegmentName="seg_0" id="6268B3E7-60A4-A8F1-C462-FB2C3150722B" name="notificacion">
<createdBy>root</createdBy>
<createdTime>2024-09-10 20:28:57 UTC</createdTime>
<ownerDesignName>Modelo</ownerDesignName>
<engineerTo>
<item key="05035A34-051E-BEAE-E6FC-EE589BA89702" value="true"/>
</engineerTo>
<adequatelyNormalized>NO</adequatelyNormalized>
<expectedVolumes>0</expectedVolumes>
<fwdEngineeringStrategyName>Single Table</fwdEngineeringStrategyName>
<growthPercent>0</growthPercent>
<growthType>Year</growthType>
<maxVolumes>9999999</maxVolumes>
<minVolumes>0</minVolumes>
<normalForm>Third</normalForm>
<attributes itemClass="oracle.dbtools.crest.model.design.logical.Attribute">
<Attribute name="id_notificacion" id="4B0455A3-80C3-E825-2CFE-E8058A2223E3">
<createdBy>root</createdBy>
<createdTime>2024-09-10 20:34:25 UTC</createdTime>
<ownerDesignName>Modelo</ownerDesignName>
<engineerTo>
<item key="05035A34-051E-BEAE-E6FC-EE589BA89702" value="true"/>
</engineerTo>
<useDomainConstraints>false</useDomainConstraints>
<use>1</use>
<logicalDatatype>LOGDT011</logicalDatatype>
<ownDataTypeParameters>,,</ownDataTypeParameters>
</Attribute>
<Attribute name="tipo_notificacion" id="3E76E281-DEFC-9D6A-2BD2-DE7F42CD9C5C">
<createdBy>root</createdBy>
<createdTime>2024-09-13 03:15:48 UTC</createdTime>
<ownerDesignName>Modelo</ownerDesignName>
<engineerTo>
<item key="05035A34-051E-BEAE-E6FC-EE589BA89702" value="true"/>
</engineerTo>
<useDomainConstraints>false</useDomainConstraints>
<use>1</use>
<logicalDatatype>LOGDT024</logicalDatatype>
<dataTypeSize>20</dataTypeSize>
<ownDataTypeParameters>20,,</ownDataTypeParameters>
</Attribute>
<Attribute name="mensaje" id="92A83CF9-DA5F-2BD6-D362-F45B3846E64F">
<createdBy>root</createdBy>
<createdTime>2024-09-13 03:15:59 UTC</createdTime>
<ownerDesignName>Modelo</ownerDesignName>
<engineerTo>
<item key="05035A34-051E-BEAE-E6FC-EE589BA89702" value="true"/>
</engineerTo>
<useDomainConstraints>false</useDomainConstraints>
<use>1</use>
<logicalDatatype>LOGDT024</logicalDatatype>
<dataTypeSize>30</dataTypeSize>
<ownDataTypeParameters>30,,</ownDataTypeParameters>
</Attribute>
<Attribute name="fecha_envio" id="B0055EDB-F039-8EBB-08EB-3D81CE716C24">
<createdBy>root</createdBy>
<createdTime>2024-09-13 03:16:07 UTC</createdTime>
<ownerDesignName>Modelo</ownerDesignName>
<engineerTo>
<item key="05035A34-051E-BEAE-E6FC-EE589BA89702" value="true"/>
</engineerTo>
<useDomainConstraints>false</useDomainConstraints>
<use>1</use>
<logicalDatatype>LOGDT024</logicalDatatype>
<dataTypeSize>20</dataTypeSize>
<ownDataTypeParameters>20,,</ownDataTypeParameters>
</Attribute>
<Attribute name="estado_notificacion" id="4EA0DAEA-0230-FBC5-DDA6-EBD6DD7DE272">
<createdBy>root</createdBy>
<createdTime>2024-09-13 03:16:16 UTC</createdTime>
<ownerDesignName>Modelo</ownerDesignName>
<engineerTo>
<item key="05035A34-051E-BEAE-E6FC-EE589BA89702" value="true"/>
</engineerTo>
<nullsAllowed>true</nullsAllowed>
<useDomainConstraints>false</useDomainConstraints>
<use>1</use>
<logicalDatatype>LOGDT024</logicalDatatype>
<dataTypeSize>25</dataTypeSize>
<ownDataTypeParameters>25,,</ownDataTypeParameters>
</Attribute>
</attributes>
<identifiers itemClass="oracle.dbtools.crest.model.design.logical.CandidateKey">
<identifier id="465365CC-198D-FCA1-9446-BB2106B2B7BA" name="notificacion PK">
<createdBy>root</createdBy>
<createdTime>2024-09-13 03:15:43 UTC</createdTime>
<ownerDesignName>Modelo</ownerDesignName>
<engineerTo>
<item key="05035A34-051E-BEAE-E6FC-EE589BA89702" value="true"/>
</engineerTo>
<pk>true</pk>
<usedAttributes>
<attributeRef>4B0455A3-80C3-E825-2CFE-E8058A2223E3</attributeRef>
</usedAttributes>
</identifier>
</identifiers>
</Entity>