<?xml version = '1.0' encoding = 'UTF-8'?>
<Entity class="oracle.dbtools.crest.model.design.logical.Entity" directorySegmentName="seg_0" id="AAF8BDFF-364D-136C-4258-042572772C83" name="perfil">
<createdBy>root</createdBy>
<createdTime>2024-10-12 16:06:20 UTC</createdTime>
<ownerDesignName>Modelo</ownerDesignName>
<engineerTo>
<item key="05035A34-051E-BEAE-E6FC-EE589BA89702" value="true"/>
</engineerTo>
<adequatelyNormalized>NO</adequatelyNormalized>
<expectedVolumes>0</expectedVolumes>
<fwdEngineeringStrategyName>Single Table</fwdEngineeringStrategyName>
<growthPercent>0</growthPercent>
<growthType>Year</growthType>
<maxVolumes>9999999</maxVolumes>
<minVolumes>0</minVolumes>
<normalForm>Third</normalForm>
<attributes itemClass="oracle.dbtools.crest.model.design.logical.Attribute">
<Attribute name="id_perfil" id="0C8CFBFF-7908-981A-A57C-E02F113BF201">
<createdBy>root</createdBy>
<createdTime>2024-10-12 16:06:58 UTC</createdTime>
<ownerDesignName>Modelo</ownerDesignName>
<engineerTo>
<item key="05035A34-051E-BEAE-E6FC-EE589BA89702" value="true"/>
</engineerTo>
<useDomainConstraints>false</useDomainConstraints>
<use>1</use>
<logicalDatatype>LOGDT011</logicalDatatype>
<ownDataTypeParameters>,,</ownDataTypeParameters>
</Attribute>
<Attribute name="tipo_perfil" id="2690C063-B30D-D740-E122-AAC228956BD9">
<createdBy>root</createdBy>
<createdTime>2024-10-12 16:07:25 UTC</createdTime>
<ownerDesignName>Modelo</ownerDesignName>
<engineerTo>
<item key="05035A34-051E-BEAE-E6FC-EE589BA89702" value="true"/>
</engineerTo>
<useDomainConstraints>false</useDomainConstraints>
<use>1</use>
<logicalDatatype>LOGDT024</logicalDatatype>
<dataTypeSize>25</dataTypeSize>
<ownDataTypeParameters>25,,</ownDataTypeParameters>
</Attribute>
<Attribute name="descripcion" id="B46DB15F-7BFB-C622-08BB-B9BC924DBAA7">
<createdBy>root</createdBy>
<createdTime>2024-10-12 16:08:54 UTC</createdTime>
<ownerDesignName>Modelo</ownerDesignName>
<engineerTo>
<item key="05035A34-051E-BEAE-E6FC-EE589BA89702" value="true"/>
</engineerTo>
<nullsAllowed>true</nullsAllowed>
<useDomainConstraints>false</useDomainConstraints>
<use>1</use>
<logicalDatatype>LOGDT024</logicalDatatype>
<dataTypeSize>30</dataTypeSize>
<ownDataTypeParameters>30,,</ownDataTypeParameters>
</Attribute>
<Attribute name="nivel_acceso" id="46558E95-1B82-31EF-D50A-5FEF2F15E1E5">
<createdBy>root</createdBy>
<createdTime>2024-10-12 16:09:09 UTC</createdTime>
<ownerDesignName>Modelo</ownerDesignName>
<engineerTo>
<item key="05035A34-051E-BEAE-E6FC-EE589BA89702" value="true"/>
</engineerTo>
<useDomainConstraints>false</useDomainConstraints>
<use>1</use>
<logicalDatatype>LOGDT011</logicalDatatype>
<ownDataTypeParameters>,,</ownDataTypeParameters>
</Attribute>
<Attribute name="fecha_creacion" id="97736513-C9E7-7307-9C1E-74A160238423">
<createdBy>root</createdBy>
<createdTime>2024-10-12 16:09:23 UTC</createdTime>
<ownerDesignName>Modelo</ownerDesignName>
<engineerTo>
<item key="05035A34-051E-BEAE-E6FC-EE589BA89702" value="true"/>
</engineerTo>
<nullsAllowed>true</nullsAllowed>
<useDomainConstraints>false</useDomainConstraints>
<use>1</use>
<logicalDatatype>LOGDT024</logicalDatatype>
<dataTypeSize>8</dataTypeSize>
<ownDataTypeParameters>8,,</ownDataTypeParameters>
</Attribute>
<Attribute name="estado_perfil" id="3213FB16-97DC-0403-B7FA-C3B99C4D8DD5">
<createdBy>root</createdBy>
<createdTime>2024-10-12 16:09:44 UTC</createdTime>
<ownerDesignName>Modelo</ownerDesignName>
<engineerTo>
<item key="05035A34-051E-BEAE-E6FC-EE589BA89702" value="true"/>
</engineerTo>
<nullsAllowed>true</nullsAllowed>
<useDomainConstraints>false</useDomainConstraints>
<use>1</use>
<logicalDatatype>LOGDT024</logicalDatatype>
<dataTypeSize>15</dataTypeSize>
<ownDataTypeParameters>15,,</ownDataTypeParameters>
</Attribute>
</attributes>
<identifiers itemClass="oracle.dbtools.crest.model.design.logical.CandidateKey">
<identifier id="1D7DE645-3BE8-39F9-D238-1E1DEDD47101" name="perfil PK">
<createdBy>root</createdBy>
<createdTime>2024-10-12 16:07:10 UTC</createdTime>
<ownerDesignName>Modelo</ownerDesignName>
<engineerTo>
<item key="05035A34-051E-BEAE-E6FC-EE589BA89702" value="true"/>
</engineerTo>
<pk>true</pk>
<usedAttributes>
<attributeRef>0C8CFBFF-7908-981A-A57C-E02F113BF201</attributeRef>
</usedAttributes>
</identifier>
</identifiers>
</Entity>