<?xml version = '1.0' encoding = 'UTF-8'?>
<Entity class="oracle.dbtools.crest.model.design.logical.Entity" directorySegmentName="seg_0" id="C6CD939C-035D-9C4E-CDF0-F628B8A97749" name="cotizaciones">
<createdBy>root</createdBy>
<createdTime>2024-10-10 21:50:29 UTC</createdTime>
<ownerDesignName>Modelo</ownerDesignName>
<engineerTo>
<item key="05035A34-051E-BEAE-E6FC-EE589BA89702" value="true"/>
</engineerTo>
<adequatelyNormalized>NO</adequatelyNormalized>
<expectedVolumes>0</expectedVolumes>
<fwdEngineeringStrategyName>Single Table</fwdEngineeringStrategyName>
<growthPercent>0</growthPercent>
<growthType>Year</growthType>
<maxVolumes>9999999</maxVolumes>
<minVolumes>0</minVolumes>
<normalForm>Third</normalForm>
<attributes itemClass="oracle.dbtools.crest.model.design.logical.Attribute">
<Attribute name="id_cotizacion" id="0585F1C8-507A-B283-74FD-19DB232AC105">
<createdBy>root</createdBy>
<createdTime>2024-10-10 21:50:55 UTC</createdTime>
<ownerDesignName>Modelo</ownerDesignName>
<engineerTo>
<item key="05035A34-051E-BEAE-E6FC-EE589BA89702" value="true"/>
</engineerTo>
<useDomainConstraints>false</useDomainConstraints>
<use>1</use>
<logicalDatatype>LOGDT011</logicalDatatype>
<ownDataTypeParameters>,,</ownDataTypeParameters>
</Attribute>
<Attribute name="fecha_cotizacion" id="01B914EF-6DD5-CCD0-1049-F765473A7F17">
<createdBy>root</createdBy>
<createdTime>2024-10-10 21:52:32 UTC</createdTime>
<ownerDesignName>Modelo</ownerDesignName>
<engineerTo>
<item key="05035A34-051E-BEAE-E6FC-EE589BA89702" value="true"/>
</engineerTo>
<useDomainConstraints>false</useDomainConstraints>
<use>1</use>
<logicalDatatype>LOGDT024</logicalDatatype>
<dataTypeSize>20</dataTypeSize>
<ownDataTypeParameters>20,,</ownDataTypeParameters>
</Attribute>
<Attribute name="detalle_cotizacion" id="89580CB9-167E-8FA5-0495-E4C86C0C630F">
<createdBy>root</createdBy>
<createdTime>2024-10-10 21:53:04 UTC</createdTime>
<ownerDesignName>Modelo</ownerDesignName>
<engineerTo>
<item key="05035A34-051E-BEAE-E6FC-EE589BA89702" value="true"/>
</engineerTo>
<useDomainConstraints>false</useDomainConstraints>
<use>1</use>
<logicalDatatype>LOGDT024</logicalDatatype>
<dataTypeSize>50</dataTypeSize>
<ownDataTypeParameters>50,,</ownDataTypeParameters>
</Attribute>
<Attribute name="Costo estimado" id="8390BBBC-9858-3A61-90F2-992B417DF916">
<createdBy>root</createdBy>
<createdTime>2024-10-10 21:53:25 UTC</createdTime>
<ownerDesignName>Modelo</ownerDesignName>
<engineerTo>
<item key="05035A34-051E-BEAE-E6FC-EE589BA89702" value="true"/>
</engineerTo>
<useDomainConstraints>false</useDomainConstraints>
<use>1</use>
<logicalDatatype>LOGDT019</logicalDatatype>
<dataTypePrecision>9</dataTypePrecision>
<ownDataTypeParameters>,9,</ownDataTypeParameters>
</Attribute>
<Attribute name="estado_cotizacion" id="95978A2D-6CC4-1474-63CB-1A4144A6D5DF">
<createdBy>root</createdBy>
<createdTime>2024-10-10 21:53:51 UTC</createdTime>
<ownerDesignName>Modelo</ownerDesignName>
<engineerTo>
<item key="05035A34-051E-BEAE-E6FC-EE589BA89702" value="true"/>
</engineerTo>
<useDomainConstraints>false</useDomainConstraints>
<use>1</use>
<logicalDatatype>LOGDT024</logicalDatatype>
<dataTypeSize>10</dataTypeSize>
<ownDataTypeParameters>10,,</ownDataTypeParameters>
</Attribute>
<Attribute name="email" id="6B7C9366-0AC9-1A04-69C3-FC6B64B267CD">
<createdBy>root</createdBy>
<createdTime>2024-10-10 21:58:11 UTC</createdTime>
<generatorID>B06B41C6-3854-DEDD-D494-18EDB428FEC1</generatorID>
<ownerDesignName>Modelo</ownerDesignName>
<engineerTo>
<item key="05035A34-051E-BEAE-E6FC-EE589BA89702" value="true"/>
</engineerTo>
<referedAttribute>3AC4880A-E015-6C52-1FF4-8697A1F86296</referedAttribute>
<useDomainConstraints>false</useDomainConstraints>
<use>1</use>
<logicalDatatype>LOGDT011</logicalDatatype>
<ownDataTypeParameters>,,</ownDataTypeParameters>
</Attribute>
<Attribute name="id_pago" id="A0FF2764-D4B3-7B7E-27A7-54D59414E878">
<createdBy>root</createdBy>
<createdTime>2024-10-10 22:56:47 UTC</createdTime>
<generatorID>919437D9-96D4-EFB5-1276-EBFB77F8A688</generatorID>
<ownerDesignName>Modelo</ownerDesignName>
<engineerTo>
<item key="05035A34-051E-BEAE-E6FC-EE589BA89702" value="true"/>
</engineerTo>
<referedAttribute>762F4867-C24C-D629-F155-12C2EC8D7BFA</referedAttribute>
<useDomainConstraints>false</useDomainConstraints>
<use>1</use>
<logicalDatatype>LOGDT011</logicalDatatype>
<ownDataTypeParameters>,,</ownDataTypeParameters>
</Attribute>
</attributes>
<identifiers itemClass="oracle.dbtools.crest.model.design.logical.CandidateKey">
<identifier id="3468D2B3-D283-E8EB-F3CF-3F2F9334D0A9" name="cotizaciones PK">
<createdBy>root</createdBy>
<createdTime>2024-10-10 21:51:23 UTC</createdTime>
<ownerDesignName>Modelo</ownerDesignName>
<engineerTo>
<item key="05035A34-051E-BEAE-E6FC-EE589BA89702" value="true"/>
</engineerTo>
<pk>true</pk>
<usedAttributes>
<attributeRef>0585F1C8-507A-B283-74FD-19DB232AC105</attributeRef>
</usedAttributes>
</identifier>
</identifiers>
</Entity>