<?xml version = '1.0' encoding = 'UTF-8'?>
<Table class="oracle.dbtools.crest.model.design.relational.Table" directorySegmentName="seg_0" id="00A214EF-EC16-DE0E-FDD4-FE029BAE9F57" name="relacion proceso-servicio">
<createdBy>root</createdBy>
<createdTime>2024-10-12 17:40:13 UTC</createdTime>
<ownerDesignName>Modelo</ownerDesignName>
<ordsAlias>relation_15</ordsAlias>
<allowColumnReorder>false</allowColumnReorder>
<existDependencyGenerateInDDl>true</existDependencyGenerateInDDl>
<parsed>true</parsed>
<columns itemClass="oracle.dbtools.crest.model.design.relational.Column">
<Column name="servicio_id_servicio" id="ECC12F53-3ECB-F483-1409-F8E25BEDE846">
<createdBy>root</createdBy>
<createdTime>2024-10-12 17:40:13 UTC</createdTime>
<ownerDesignName>Modelo</ownerDesignName>
<useDomainConstraints>false</useDomainConstraints>
<use>1</use>
<logicalDatatype>LOGDT011</logicalDatatype>
<ownDataTypeParameters>,,</ownDataTypeParameters>
<previousColumn>false</previousColumn>
<autoIncrementCycle>false</autoIncrementCycle>
<associations>
<colAssociation fkAssociation="5DE01F1E-4C77-6ED0-2FA3-DED02FEDFC21" referredColumn="5AFFF4A4-32B8-CCF4-0463-0F7D80F167B9"/>
</associations>
</Column>
<Column name="proceso_id_proceso" id="C375D13C-9FAF-3AB1-AF7B-2F9472B8889C">
<createdBy>root</createdBy>
<createdTime>2024-10-12 17:40:13 UTC</createdTime>
<ownerDesignName>Modelo</ownerDesignName>
<useDomainConstraints>false</useDomainConstraints>
<use>1</use>
<logicalDatatype>LOGDT011</logicalDatatype>
<ownDataTypeParameters>,,</ownDataTypeParameters>
<previousColumn>false</previousColumn>
<autoIncrementCycle>false</autoIncrementCycle>
<associations>
<colAssociation fkAssociation="F4C86239-F7CC-681D-90A5-89D8D6FE8465" referredColumn="E70FB55B-42F6-8C3B-B03B-867A09DDE342"/>
</associations>
</Column>
</columns>
<indexes itemClass="oracle.dbtools.crest.model.design.relational.Index">
<ind_PK_UK id="472037F6-B7EB-9587-56DC-A67CA294F58F" name="Relation_15_PK">
<createdBy>root</createdBy>
<createdTime>2024-10-12 17:40:13 UTC</createdTime>
<ownerDesignName>Modelo</ownerDesignName>
<pk>true</pk>
<indexState>Primary Constraint</indexState>
<isSurrogateKey>false</isSurrogateKey>
<indexColumnUsage>
<colUsage columnID="ECC12F53-3ECB-F483-1409-F8E25BEDE846"/>
<colUsage columnID="C375D13C-9FAF-3AB1-AF7B-2F9472B8889C"/>
</indexColumnUsage>
</ind_PK_UK>
<ind_PK_UK id="0862AF0C-2811-826F-CBC0-81E637E9E5E7" name="Relation_15_servicio_FK">
<createdBy>root</createdBy>
<createdTime>2024-10-12 17:40:13 UTC</createdTime>
<generatorID>F113996D-2337-2792-A818-79C168A5D2FA</generatorID>
<ownerDesignName>Modelo</ownerDesignName>
<indexState>Foreign Key</indexState>
<isSurrogateKey>false</isSurrogateKey>
<indexColumnUsage>
<colUsage columnID="ECC12F53-3ECB-F483-1409-F8E25BEDE846"/>
</indexColumnUsage>
</ind_PK_UK>
<ind_PK_UK id="1EF37558-07A6-254B-621F-AABDD0EEFF6C" name="Relation_15_proceso_FK">
<createdBy>root</createdBy>
<createdTime>2024-10-12 17:40:13 UTC</createdTime>
<generatorID>F113996D-2337-2792-A818-79C168A5D2FA</generatorID>
<ownerDesignName>Modelo</ownerDesignName>
<indexState>Foreign Key</indexState>
<isSurrogateKey>false</isSurrogateKey>
<indexColumnUsage>
<colUsage columnID="C375D13C-9FAF-3AB1-AF7B-2F9472B8889C"/>
</indexColumnUsage>
</ind_PK_UK>
</indexes>
</Table>