<?xml version = '1.0' encoding = 'UTF-8'?>
<Table class="oracle.dbtools.crest.model.design.relational.Table" directorySegmentName="seg_0" id="2FDCD79C-23F7-CCA6-F4B7-D7E57B6F2E85" name="pago">
<createdBy>root</createdBy>
<createdTime>2024-10-12 17:40:13 UTC</createdTime>
<generatorID>3A8D05DC-A607-E133-0659-4D979C255ED7</generatorID>
<ownerDesignName>Modelo</ownerDesignName>
<allowColumnReorder>false</allowColumnReorder>
<existDependencyGenerateInDDl>true</existDependencyGenerateInDDl>
<parsed>true</parsed>
<columns itemClass="oracle.dbtools.crest.model.design.relational.Column">
<Column name="id_pago" id="42DBD597-6A5A-A327-4C95-A5F10700117D">
<createdBy>root</createdBy>
<createdTime>2024-10-12 17:40:13 UTC</createdTime>
<generatorID>762F4867-C24C-D629-F155-12C2EC8D7BFA</generatorID>
<ownerDesignName>Modelo</ownerDesignName>
<useDomainConstraints>false</useDomainConstraints>
<use>1</use>
<logicalDatatype>LOGDT011</logicalDatatype>
<ownDataTypeParameters>,,</ownDataTypeParameters>
<autoIncrementCycle>false</autoIncrementCycle>
</Column>
<Column name="monto" id="146CE413-7F05-75B2-1A2D-A654EB39217D">
<createdBy>root</createdBy>
<createdTime>2024-10-12 17:40:13 UTC</createdTime>
<generatorID>40AD9E35-EDA3-2176-85F7-E2E8BDC9891E</generatorID>
<ownerDesignName>Modelo</ownerDesignName>
<useDomainConstraints>false</useDomainConstraints>
<use>1</use>
<logicalDatatype>LOGDT019</logicalDatatype>
<dataTypePrecision>10</dataTypePrecision>
<ownDataTypeParameters>,10,</ownDataTypeParameters>
<autoIncrementCycle>false</autoIncrementCycle>
</Column>
<Column name="metodo_pago" id="E4C75879-F521-299B-9DD4-5CE1E8FF55B5">
<createdBy>root</createdBy>
<createdTime>2024-10-12 17:40:13 UTC</createdTime>
<generatorID>3855491A-E469-E82F-5D11-96593F2CCB58</generatorID>
<ownerDesignName>Modelo</ownerDesignName>
<useDomainConstraints>false</useDomainConstraints>
<use>1</use>
<logicalDatatype>LOGDT024</logicalDatatype>
<dataTypeSize>20</dataTypeSize>
<ownDataTypeParameters>20,,</ownDataTypeParameters>
<autoIncrementCycle>false</autoIncrementCycle>
</Column>
<Column name="fecha_pago" id="A64B2C9E-F213-A777-1521-F9E1C27EEA25">
<createdBy>root</createdBy>
<createdTime>2024-10-12 17:40:13 UTC</createdTime>
<generatorID>712E71B8-E913-1644-037E-C18CD3FDE425</generatorID>
<ownerDesignName>Modelo</ownerDesignName>
<useDomainConstraints>false</useDomainConstraints>
<use>1</use>
<logicalDatatype>LOGDT024</logicalDatatype>
<dataTypeSize>20</dataTypeSize>
<ownDataTypeParameters>20,,</ownDataTypeParameters>
<autoIncrementCycle>false</autoIncrementCycle>
</Column>
<Column name="estado_pago" id="B2B2A7CD-5060-7F60-DE38-9DE9D045C69E">
<createdBy>root</createdBy>
<createdTime>2024-10-12 17:40:13 UTC</createdTime>
<generatorID>27EBFE10-0B79-39C3-853D-32EDC3DA7BDE</generatorID>
<ownerDesignName>Modelo</ownerDesignName>
<useDomainConstraints>false</useDomainConstraints>
<use>1</use>
<logicalDatatype>LOGDT024</logicalDatatype>
<dataTypeSize>15</dataTypeSize>
<ownDataTypeParameters>15,,</ownDataTypeParameters>
<autoIncrementCycle>false</autoIncrementCycle>
</Column>
</columns>
<indexes itemClass="oracle.dbtools.crest.model.design.relational.Index">
<ind_PK_UK id="BA44424D-8737-535F-995C-DAA7BF573522" name="pago_PK">
<createdBy>root</createdBy>
<createdTime>2024-10-12 17:40:13 UTC</createdTime>
<generatorID>4CE37600-6D1F-E742-B1D6-A377CBFFA7E3</generatorID>
<ownerDesignName>Modelo</ownerDesignName>
<pk>true</pk>
<indexState>Primary Constraint</indexState>
<isSurrogateKey>false</isSurrogateKey>
<indexColumnUsage>
<colUsage columnID="42DBD597-6A5A-A327-4C95-A5F10700117D"/>
</indexColumnUsage>
</ind_PK_UK>
</indexes>
</Table>