<?xml version = '1.0' encoding = 'UTF-8'?>
<Table class="oracle.dbtools.crest.model.design.relational.Table" directorySegmentName="seg_0" id="33ED82EF-94CA-A499-000A-C982F0B79196" name="relacion cotizacion-proceso">
<createdBy>root</createdBy>
<createdTime>2024-10-12 17:40:13 UTC</createdTime>
<ownerDesignName>Modelo</ownerDesignName>
<ordsAlias>relation_22</ordsAlias>
<allowColumnReorder>false</allowColumnReorder>
<existDependencyGenerateInDDl>true</existDependencyGenerateInDDl>
<parsed>true</parsed>
<columns itemClass="oracle.dbtools.crest.model.design.relational.Column">
<Column name="cotizaciones_id_cotizacion" id="81B3BF08-FB22-AA18-D355-C051C2BF1C90">
<createdBy>root</createdBy>
<createdTime>2024-10-12 17:40:13 UTC</createdTime>
<ownerDesignName>Modelo</ownerDesignName>
<useDomainConstraints>false</useDomainConstraints>
<use>1</use>
<logicalDatatype>LOGDT011</logicalDatatype>
<ownDataTypeParameters>,,</ownDataTypeParameters>
<previousColumn>false</previousColumn>
<autoIncrementCycle>false</autoIncrementCycle>
<associations>
<colAssociation fkAssociation="B239F7D5-A8C4-D359-A423-BD51FF73F3A6" referredColumn="E658ADED-365D-EC11-E327-CB698B5AB5AE"/>
</associations>
</Column>
<Column name="proceso_id_proceso" id="EF1A0CC2-0764-EB53-E618-B94BAAB10485">
<createdBy>root</createdBy>
<createdTime>2024-10-12 17:40:13 UTC</createdTime>
<ownerDesignName>Modelo</ownerDesignName>
<useDomainConstraints>false</useDomainConstraints>
<use>1</use>
<logicalDatatype>LOGDT011</logicalDatatype>
<ownDataTypeParameters>,,</ownDataTypeParameters>
<previousColumn>false</previousColumn>
<autoIncrementCycle>false</autoIncrementCycle>
<associations>
<colAssociation fkAssociation="8325AEED-E045-AF5F-E90A-3BE4C8A02FBA" referredColumn="E70FB55B-42F6-8C3B-B03B-867A09DDE342"/>
</associations>
</Column>
</columns>
<indexes itemClass="oracle.dbtools.crest.model.design.relational.Index">
<ind_PK_UK id="9C527406-3378-933C-61B3-74BA75E35B0C" name="Relation_22_PK">
<createdBy>root</createdBy>
<createdTime>2024-10-12 17:40:13 UTC</createdTime>
<ownerDesignName>Modelo</ownerDesignName>
<pk>true</pk>
<indexState>Primary Constraint</indexState>
<isSurrogateKey>false</isSurrogateKey>
<indexColumnUsage>
<colUsage columnID="81B3BF08-FB22-AA18-D355-C051C2BF1C90"/>
<colUsage columnID="EF1A0CC2-0764-EB53-E618-B94BAAB10485"/>
</indexColumnUsage>
</ind_PK_UK>
<ind_PK_UK id="8512D55B-F080-69C6-C566-F5537EC71083" name="Relation_22_cotizaciones_FK">
<createdBy>root</createdBy>
<createdTime>2024-10-12 17:40:13 UTC</createdTime>
<generatorID>DFD2E28E-2B6E-701C-0FE6-F5E4FEF276D9</generatorID>
<ownerDesignName>Modelo</ownerDesignName>
<indexState>Foreign Key</indexState>
<isSurrogateKey>false</isSurrogateKey>
<indexColumnUsage>
<colUsage columnID="81B3BF08-FB22-AA18-D355-C051C2BF1C90"/>
</indexColumnUsage>
</ind_PK_UK>
<ind_PK_UK id="E3E4BA79-3841-AC12-CB95-EE705CF29881" name="Relation_22_proceso_FK">
<createdBy>root</createdBy>
<createdTime>2024-10-12 17:40:13 UTC</createdTime>
<generatorID>DFD2E28E-2B6E-701C-0FE6-F5E4FEF276D9</generatorID>
<ownerDesignName>Modelo</ownerDesignName>
<indexState>Foreign Key</indexState>
<isSurrogateKey>false</isSurrogateKey>
<indexColumnUsage>
<colUsage columnID="EF1A0CC2-0764-EB53-E618-B94BAAB10485"/>
</indexColumnUsage>
</ind_PK_UK>
</indexes>
</Table>