<?xml version = '1.0' encoding = 'UTF-8'?>
<Table class="oracle.dbtools.crest.model.design.relational.Table" directorySegmentName="seg_0" id="3602663C-4DF7-E150-522D-31821423BA0F" name="relacion proceso-notificacion">
<createdBy>root</createdBy>
<createdTime>2024-10-12 17:40:13 UTC</createdTime>
<ownerDesignName>Modelo</ownerDesignName>
<ordsAlias>relation_17</ordsAlias>
<allowColumnReorder>false</allowColumnReorder>
<existDependencyGenerateInDDl>true</existDependencyGenerateInDDl>
<parsed>true</parsed>
<columns itemClass="oracle.dbtools.crest.model.design.relational.Column">
<Column name="notificacion_id_notificacion" id="52AC5B16-2F8E-A706-6FFF-38F047897EB8">
<createdBy>root</createdBy>
<createdTime>2024-10-12 17:40:13 UTC</createdTime>
<ownerDesignName>Modelo</ownerDesignName>
<useDomainConstraints>false</useDomainConstraints>
<use>1</use>
<logicalDatatype>LOGDT011</logicalDatatype>
<ownDataTypeParameters>,,</ownDataTypeParameters>
<previousColumn>false</previousColumn>
<autoIncrementCycle>false</autoIncrementCycle>
<associations>
<colAssociation fkAssociation="D7F49B37-87C2-18CC-F30F-A308B2FF7B9C" referredColumn="CA6BFE10-B8C9-5AED-553C-0491AD647CA9"/>
</associations>
</Column>
<Column name="proceso_id_proceso" id="8D8F8EFE-0841-BA81-7344-A8E237196195">
<createdBy>root</createdBy>
<createdTime>2024-10-12 17:40:13 UTC</createdTime>
<ownerDesignName>Modelo</ownerDesignName>
<useDomainConstraints>false</useDomainConstraints>
<use>1</use>
<logicalDatatype>LOGDT011</logicalDatatype>
<ownDataTypeParameters>,,</ownDataTypeParameters>
<previousColumn>false</previousColumn>
<autoIncrementCycle>false</autoIncrementCycle>
<associations>
<colAssociation fkAssociation="A25C05F7-6B20-ECAF-BE89-B76C9D611069" referredColumn="E70FB55B-42F6-8C3B-B03B-867A09DDE342"/>
</associations>
</Column>
</columns>
<indexes itemClass="oracle.dbtools.crest.model.design.relational.Index">
<ind_PK_UK id="09FF0869-332F-27BB-3968-B5FA86B3FEA2" name="Relation_17_PK">
<createdBy>root</createdBy>
<createdTime>2024-10-12 17:40:13 UTC</createdTime>
<ownerDesignName>Modelo</ownerDesignName>
<pk>true</pk>
<indexState>Primary Constraint</indexState>
<isSurrogateKey>false</isSurrogateKey>
<indexColumnUsage>
<colUsage columnID="52AC5B16-2F8E-A706-6FFF-38F047897EB8"/>
<colUsage columnID="8D8F8EFE-0841-BA81-7344-A8E237196195"/>
</indexColumnUsage>
</ind_PK_UK>
<ind_PK_UK id="74C8B878-1AE5-C418-5ACD-2FF27ED3F41B" name="Relation_17_notificacion_FK">
<createdBy>root</createdBy>
<createdTime>2024-10-12 17:40:13 UTC</createdTime>
<generatorID>9CF5A6EF-FDEE-1CEF-B4FD-0947F33531DF</generatorID>
<ownerDesignName>Modelo</ownerDesignName>
<indexState>Foreign Key</indexState>
<isSurrogateKey>false</isSurrogateKey>
<indexColumnUsage>
<colUsage columnID="52AC5B16-2F8E-A706-6FFF-38F047897EB8"/>
</indexColumnUsage>
</ind_PK_UK>
<ind_PK_UK id="D3B996E8-0C75-9737-B4FA-3A58672F8757" name="Relation_17_proceso_FK">
<createdBy>root</createdBy>
<createdTime>2024-10-12 17:40:13 UTC</createdTime>
<generatorID>9CF5A6EF-FDEE-1CEF-B4FD-0947F33531DF</generatorID>
<ownerDesignName>Modelo</ownerDesignName>
<indexState>Foreign Key</indexState>
<isSurrogateKey>false</isSurrogateKey>
<indexColumnUsage>
<colUsage columnID="8D8F8EFE-0841-BA81-7344-A8E237196195"/>
</indexColumnUsage>
</ind_PK_UK>
</indexes>
</Table>