<?xml version = '1.0' encoding = 'UTF-8'?>
<Table class="oracle.dbtools.crest.model.design.relational.Table" directorySegmentName="seg_0" id="44E5B321-4A47-CE57-D153-49E50361CD7E" name="cotizaciones">
<createdBy>root</createdBy>
<createdTime>2024-10-12 17:40:13 UTC</createdTime>
<generatorID>C6CD939C-035D-9C4E-CDF0-F628B8A97749</generatorID>
<ownerDesignName>Modelo</ownerDesignName>
<allowColumnReorder>false</allowColumnReorder>
<existDependencyGenerateInDDl>true</existDependencyGenerateInDDl>
<parsed>true</parsed>
<columns itemClass="oracle.dbtools.crest.model.design.relational.Column">
<Column name="id_cotizacion" id="E658ADED-365D-EC11-E327-CB698B5AB5AE">
<createdBy>root</createdBy>
<createdTime>2024-10-12 17:40:13 UTC</createdTime>
<generatorID>0585F1C8-507A-B283-74FD-19DB232AC105</generatorID>
<ownerDesignName>Modelo</ownerDesignName>
<useDomainConstraints>false</useDomainConstraints>
<use>1</use>
<logicalDatatype>LOGDT011</logicalDatatype>
<ownDataTypeParameters>,,</ownDataTypeParameters>
<autoIncrementCycle>false</autoIncrementCycle>
</Column>
<Column name="fecha_cotizacion" id="9DCB0583-7B3A-CF6C-F6F0-6BC226400D04">
<createdBy>root</createdBy>
<createdTime>2024-10-12 17:40:13 UTC</createdTime>
<generatorID>01B914EF-6DD5-CCD0-1049-F765473A7F17</generatorID>
<ownerDesignName>Modelo</ownerDesignName>
<useDomainConstraints>false</useDomainConstraints>
<use>1</use>
<logicalDatatype>LOGDT024</logicalDatatype>
<dataTypeSize>20</dataTypeSize>
<ownDataTypeParameters>20,,</ownDataTypeParameters>
<autoIncrementCycle>false</autoIncrementCycle>
</Column>
<Column name="detalle_cotizacion" id="544D6D34-C44D-0A31-75F3-48EF27215779">
<createdBy>root</createdBy>
<createdTime>2024-10-12 17:40:13 UTC</createdTime>
<generatorID>89580CB9-167E-8FA5-0495-E4C86C0C630F</generatorID>
<ownerDesignName>Modelo</ownerDesignName>
<useDomainConstraints>false</useDomainConstraints>
<use>1</use>
<logicalDatatype>LOGDT024</logicalDatatype>
<dataTypeSize>50</dataTypeSize>
<ownDataTypeParameters>50,,</ownDataTypeParameters>
<autoIncrementCycle>false</autoIncrementCycle>
</Column>
<Column name="Costo_estimado" id="EBF50323-C073-39BE-EA61-20B0FDDCFD21">
<createdBy>root</createdBy>
<createdTime>2024-10-12 17:40:13 UTC</createdTime>
<generatorID>8390BBBC-9858-3A61-90F2-992B417DF916</generatorID>
<ownerDesignName>Modelo</ownerDesignName>
<useDomainConstraints>false</useDomainConstraints>
<use>1</use>
<logicalDatatype>LOGDT019</logicalDatatype>
<dataTypePrecision>9</dataTypePrecision>
<ownDataTypeParameters>,9,</ownDataTypeParameters>
<autoIncrementCycle>false</autoIncrementCycle>
</Column>
<Column name="estado_cotizacion" id="552DF2B2-D99B-DF5C-9BD3-29056789B8BF">
<createdBy>root</createdBy>
<createdTime>2024-10-12 17:40:13 UTC</createdTime>
<generatorID>95978A2D-6CC4-1474-63CB-1A4144A6D5DF</generatorID>
<ownerDesignName>Modelo</ownerDesignName>
<useDomainConstraints>false</useDomainConstraints>
<use>1</use>
<logicalDatatype>LOGDT024</logicalDatatype>
<dataTypeSize>10</dataTypeSize>
<ownDataTypeParameters>10,,</ownDataTypeParameters>
<autoIncrementCycle>false</autoIncrementCycle>
</Column>
<Column name="Dueño_id_dueño" id="8B53FC64-F015-A970-2F9C-16DEE25FD071">
<createdBy>root</createdBy>
<createdTime>2024-10-12 17:40:13 UTC</createdTime>
<generatorID>6B7C9366-0AC9-1A04-69C3-FC6B64B267CD</generatorID>
<ownerDesignName>Modelo</ownerDesignName>
<useDomainConstraints>false</useDomainConstraints>
<use>1</use>
<logicalDatatype>LOGDT011</logicalDatatype>
<ownDataTypeParameters>,,</ownDataTypeParameters>
<previousColumn>false</previousColumn>
<autoIncrementCycle>false</autoIncrementCycle>
<associations>
<colAssociation fkAssociation="34D70C1E-0F89-4AE5-69AF-F87C7E974349" referredColumn="E55762D2-EBAF-4556-10B9-C1B2429552AB"/>
</associations>
</Column>
<Column name="pago_id_pago" id="3CF6A483-C618-C9B4-44DF-EABFFBD18818">
<createdBy>root</createdBy>
<createdTime>2024-10-12 17:40:13 UTC</createdTime>
<generatorID>A0FF2764-D4B3-7B7E-27A7-54D59414E878</generatorID>
<ownerDesignName>Modelo</ownerDesignName>
<useDomainConstraints>false</useDomainConstraints>
<use>1</use>
<logicalDatatype>LOGDT011</logicalDatatype>
<ownDataTypeParameters>,,</ownDataTypeParameters>
<previousColumn>false</previousColumn>
<autoIncrementCycle>false</autoIncrementCycle>
<associations>
<colAssociation fkAssociation="38953551-99B3-C71F-DB45-B569DB3D0995" referredColumn="42DBD597-6A5A-A327-4C95-A5F10700117D"/>
</associations>
</Column>
</columns>
<indexes itemClass="oracle.dbtools.crest.model.design.relational.Index">
<ind_PK_UK id="927E19AE-67BF-1C63-3BB1-743D91191F94" name="cotizaciones_PK">
<createdBy>root</createdBy>
<createdTime>2024-10-12 17:40:13 UTC</createdTime>
<generatorID>3468D2B3-D283-E8EB-F3CF-3F2F9334D0A9</generatorID>
<ownerDesignName>Modelo</ownerDesignName>
<pk>true</pk>
<indexState>Primary Constraint</indexState>
<isSurrogateKey>false</isSurrogateKey>
<indexColumnUsage>
<colUsage columnID="E658ADED-365D-EC11-E327-CB698B5AB5AE"/>
</indexColumnUsage>
</ind_PK_UK>
<ind_PK_UK id="C5AB540B-E5B6-5325-BA74-74C3B9A7C200" name="Relation_19">
<createdBy>root</createdBy>
<createdTime>2024-10-12 17:40:13 UTC</createdTime>
<generatorID>B06B41C6-3854-DEDD-D494-18EDB428FEC1</generatorID>
<ownerDesignName>Modelo</ownerDesignName>
<indexState>Foreign Key</indexState>
<isSurrogateKey>false</isSurrogateKey>
<indexColumnUsage>
<colUsage columnID="8B53FC64-F015-A970-2F9C-16DEE25FD071"/>
</indexColumnUsage>
</ind_PK_UK>
<ind_PK_UK id="0C5FD7EA-21CE-3E56-387C-38EA4B66218D" name="Relation_24">
<createdBy>root</createdBy>
<createdTime>2024-10-12 17:40:13 UTC</createdTime>
<generatorID>919437D9-96D4-EFB5-1276-EBFB77F8A688</generatorID>
<ownerDesignName>Modelo</ownerDesignName>
<indexState>Foreign Key</indexState>
<isSurrogateKey>false</isSurrogateKey>
<indexColumnUsage>
<colUsage columnID="3CF6A483-C618-C9B4-44DF-EABFFBD18818"/>
</indexColumnUsage>
</ind_PK_UK>
</indexes>
</Table>