<?xml version = '1.0' encoding = 'UTF-8'?>
<Table class="oracle.dbtools.crest.model.design.relational.Table" directorySegmentName="seg_0" id="656868CB-2D01-92C5-6B0D-B5A45BE12893" name="Vehiculo">
<createdBy>root</createdBy>
<createdTime>2024-10-12 17:40:13 UTC</createdTime>
<generatorID>93D35390-19AD-268D-1FD8-1CC1D15335E2</generatorID>
<ownerDesignName>Modelo</ownerDesignName>
<allowColumnReorder>false</allowColumnReorder>
<existDependencyGenerateInDDl>true</existDependencyGenerateInDDl>
<parsed>true</parsed>
<columns itemClass="oracle.dbtools.crest.model.design.relational.Column">
<Column name="id_vehiculo" id="4F795858-EB4B-DB90-BB33-6AAE9408E0BA">
<createdBy>root</createdBy>
<createdTime>2024-10-12 17:40:13 UTC</createdTime>
<generatorID>0D1C1FE0-625D-6183-B8F0-603D7D447A93</generatorID>
<ownerDesignName>Modelo</ownerDesignName>
<useDomainConstraints>false</useDomainConstraints>
<use>1</use>
<logicalDatatype>LOGDT011</logicalDatatype>
<ownDataTypeParameters>,,</ownDataTypeParameters>
<autoIncrementCycle>false</autoIncrementCycle>
</Column>
<Column name="patente" id="F70479C2-8377-19E7-9E0D-77AF04B2ED6E">
<createdBy>root</createdBy>
<createdTime>2024-10-12 17:40:13 UTC</createdTime>
<generatorID>21103F1C-360E-369C-7E54-02375BC534C1</generatorID>
<ownerDesignName>Modelo</ownerDesignName>
<useDomainConstraints>false</useDomainConstraints>
<use>1</use>
<logicalDatatype>LOGDT024</logicalDatatype>
<dataTypeSize>6</dataTypeSize>
<ownDataTypeParameters>6,,</ownDataTypeParameters>
<autoIncrementCycle>false</autoIncrementCycle>
</Column>
<Column name="marca" id="1073E5A7-9516-047C-0218-A1C132AD1A47">
<createdBy>root</createdBy>
<createdTime>2024-10-12 17:40:13 UTC</createdTime>
<generatorID>071FA26C-A316-7463-3E00-B725DC1985A3</generatorID>
<ownerDesignName>Modelo</ownerDesignName>
<useDomainConstraints>false</useDomainConstraints>
<use>1</use>
<logicalDatatype>LOGDT024</logicalDatatype>
<dataTypeSize>18</dataTypeSize>
<ownDataTypeParameters>18,,</ownDataTypeParameters>
<autoIncrementCycle>false</autoIncrementCycle>
</Column>
<Column name="modelo" id="D3EE87CC-08C9-C42E-00C1-0EBC562A9860">
<createdBy>root</createdBy>
<createdTime>2024-10-12 17:40:13 UTC</createdTime>
<generatorID>AD4F85F7-9AC6-C2DF-590E-8B20B47D192D</generatorID>
<ownerDesignName>Modelo</ownerDesignName>
<useDomainConstraints>false</useDomainConstraints>
<use>1</use>
<logicalDatatype>LOGDT024</logicalDatatype>
<dataTypeSize>25</dataTypeSize>
<ownDataTypeParameters>25,,</ownDataTypeParameters>
<autoIncrementCycle>false</autoIncrementCycle>
</Column>
<Column name="año" id="2C04E5A6-8E43-03F2-51EF-BA4FC01FBBE9">
<createdBy>root</createdBy>
<createdTime>2024-10-12 17:40:13 UTC</createdTime>
<generatorID>1B0DD3F2-7BD8-0E35-C773-B191240D8AFE</generatorID>
<ownerDesignName>Modelo</ownerDesignName>
<useDomainConstraints>false</useDomainConstraints>
<use>1</use>
<logicalDatatype>LOGDT019</logicalDatatype>
<dataTypePrecision>4</dataTypePrecision>
<ownDataTypeParameters>,4,</ownDataTypeParameters>
<autoIncrementCycle>false</autoIncrementCycle>
</Column>
<Column name="Color" id="C175C9E7-898C-D3EB-5CF3-E93A40EE186A">
<createdBy>root</createdBy>
<createdTime>2024-10-12 17:40:13 UTC</createdTime>
<generatorID>DFF9BE4C-AD50-DE2F-C3E8-DB3D798BC6C5</generatorID>
<ownerDesignName>Modelo</ownerDesignName>
<nullsAllowed>true</nullsAllowed>
<useDomainConstraints>false</useDomainConstraints>
<use>1</use>
<logicalDatatype>LOGDT024</logicalDatatype>
<dataTypeSize>12</dataTypeSize>
<ownDataTypeParameters>12,,</ownDataTypeParameters>
<autoIncrementCycle>false</autoIncrementCycle>
</Column>
<Column name="kilometraje" id="F7DBA9E6-31E5-68BE-9435-A77E044400A4">
<createdBy>root</createdBy>
<createdTime>2024-10-12 17:40:13 UTC</createdTime>
<generatorID>566253AC-B9EE-7933-6C79-F066A162C230</generatorID>
<ownerDesignName>Modelo</ownerDesignName>
<nullsAllowed>true</nullsAllowed>
<useDomainConstraints>false</useDomainConstraints>
<use>1</use>
<logicalDatatype>LOGDT019</logicalDatatype>
<dataTypePrecision>7</dataTypePrecision>
<ownDataTypeParameters>,7,</ownDataTypeParameters>
<autoIncrementCycle>false</autoIncrementCycle>
</Column>
<Column name="tipo_combustible" id="099C1B77-AAD4-E192-D428-9F3397E02D18">
<createdBy>root</createdBy>
<createdTime>2024-10-12 17:40:13 UTC</createdTime>
<generatorID>8809A51C-99B0-DF95-A1B8-700FA9651AB1</generatorID>
<ownerDesignName>Modelo</ownerDesignName>
<useDomainConstraints>false</useDomainConstraints>
<use>1</use>
<logicalDatatype>LOGDT024</logicalDatatype>
<dataTypeSize>18</dataTypeSize>
<ownDataTypeParameters>18,,</ownDataTypeParameters>
<autoIncrementCycle>false</autoIncrementCycle>
</Column>
<Column name="fecha_ultima_revision" id="0281FCFE-ECA0-F82B-C032-1DE65DE16864">
<createdBy>root</createdBy>
<createdTime>2024-10-12 17:40:13 UTC</createdTime>
<generatorID>23FD31C8-8676-F5AD-2741-7168E23B1A98</generatorID>
<ownerDesignName>Modelo</ownerDesignName>
<useDomainConstraints>false</useDomainConstraints>
<use>1</use>
<logicalDatatype>LOGDT024</logicalDatatype>
<dataTypeSize>20</dataTypeSize>
<ownDataTypeParameters>20,,</ownDataTypeParameters>
<autoIncrementCycle>false</autoIncrementCycle>
</Column>
<Column name="estado_vehiculo" id="1A3210FF-75A0-5403-ACC0-A3F2FF8026A4">
<createdBy>root</createdBy>
<createdTime>2024-10-12 17:40:13 UTC</createdTime>
<generatorID>EB65E9AF-5385-EA93-3A20-6BFA0F4A11E4</generatorID>
<ownerDesignName>Modelo</ownerDesignName>
<useDomainConstraints>false</useDomainConstraints>
<use>1</use>
<logicalDatatype>LOGDT024</logicalDatatype>
<dataTypeSize>25</dataTypeSize>
<ownDataTypeParameters>25,,</ownDataTypeParameters>
<autoIncrementCycle>false</autoIncrementCycle>
</Column>
<Column name="Dueño_id_dueño" id="C89FD1D2-3535-4CD5-5E30-E3638F08BED6">
<createdBy>root</createdBy>
<createdTime>2024-10-12 17:40:13 UTC</createdTime>
<generatorID>C52E7E72-DD8E-2719-69B9-55600BF515A3</generatorID>
<ownerDesignName>Modelo</ownerDesignName>
<useDomainConstraints>false</useDomainConstraints>
<use>1</use>
<logicalDatatype>LOGDT011</logicalDatatype>
<ownDataTypeParameters>,,</ownDataTypeParameters>
<previousColumn>false</previousColumn>
<autoIncrementCycle>false</autoIncrementCycle>
<associations>
<colAssociation fkAssociation="572971E6-28C3-9A14-9BE2-3E9014159706" referredColumn="E55762D2-EBAF-4556-10B9-C1B2429552AB"/>
</associations>
</Column>
</columns>
<indexes itemClass="oracle.dbtools.crest.model.design.relational.Index">
<ind_PK_UK id="83C99382-3222-96F5-4A24-0AE6BE390A4C" name="Vehiculo_PK">
<createdBy>root</createdBy>
<createdTime>2024-10-12 17:40:13 UTC</createdTime>
<generatorID>E5CF4962-FA82-7713-1B4E-770C47106738</generatorID>
<ownerDesignName>Modelo</ownerDesignName>
<pk>true</pk>
<indexState>Primary Constraint</indexState>
<isSurrogateKey>false</isSurrogateKey>
<indexColumnUsage>
<colUsage columnID="4F795858-EB4B-DB90-BB33-6AAE9408E0BA"/>
</indexColumnUsage>
</ind_PK_UK>
<ind_PK_UK id="22A44912-F1A3-A454-7955-AA77BF56BF1A" name="Relation_23">
<createdBy>root</createdBy>
<createdTime>2024-10-12 17:40:13 UTC</createdTime>
<generatorID>6210BDBE-8FBA-C52F-49E1-BB2DB62E7CCD</generatorID>
<ownerDesignName>Modelo</ownerDesignName>
<indexState>Foreign Key</indexState>
<isSurrogateKey>false</isSurrogateKey>
<indexColumnUsage>
<colUsage columnID="C89FD1D2-3535-4CD5-5E30-E3638F08BED6"/>
</indexColumnUsage>
</ind_PK_UK>
</indexes>
</Table>