<?xml version = '1.0' encoding = 'UTF-8'?>
<Table class="oracle.dbtools.crest.model.design.relational.Table" directorySegmentName="seg_0" id="8CA803FD-2093-8749-82A9-A6116326DE58" name="relacion vehiculo-proceso">
<createdBy>root</createdBy>
<createdTime>2024-10-12 17:40:13 UTC</createdTime>
<ownerDesignName>Modelo</ownerDesignName>
<ordsAlias>relation_13</ordsAlias>
<allowColumnReorder>false</allowColumnReorder>
<existDependencyGenerateInDDl>true</existDependencyGenerateInDDl>
<parsed>true</parsed>
<columns itemClass="oracle.dbtools.crest.model.design.relational.Column">
<Column name="Vehiculo_id_vehiculo" id="FF32FBA7-3877-4FE2-9ABF-204A1DD7C3FC">
<createdBy>root</createdBy>
<createdTime>2024-10-12 17:40:13 UTC</createdTime>
<ownerDesignName>Modelo</ownerDesignName>
<useDomainConstraints>false</useDomainConstraints>
<use>1</use>
<logicalDatatype>LOGDT011</logicalDatatype>
<ownDataTypeParameters>,,</ownDataTypeParameters>
<previousColumn>false</previousColumn>
<autoIncrementCycle>false</autoIncrementCycle>
<associations>
<colAssociation fkAssociation="F5B58C80-BABA-3F79-6E16-C621F99D12DB" referredColumn="4F795858-EB4B-DB90-BB33-6AAE9408E0BA"/>
</associations>
</Column>
<Column name="proceso_id_proceso" id="A583CAAF-48E7-5A21-9D9F-51993EEC0727">
<createdBy>root</createdBy>
<createdTime>2024-10-12 17:40:13 UTC</createdTime>
<ownerDesignName>Modelo</ownerDesignName>
<useDomainConstraints>false</useDomainConstraints>
<use>1</use>
<logicalDatatype>LOGDT011</logicalDatatype>
<ownDataTypeParameters>,,</ownDataTypeParameters>
<previousColumn>false</previousColumn>
<autoIncrementCycle>false</autoIncrementCycle>
<associations>
<colAssociation fkAssociation="98AA89FA-BEE1-1CE1-079F-66F11902A581" referredColumn="E70FB55B-42F6-8C3B-B03B-867A09DDE342"/>
</associations>
</Column>
</columns>
<indexes itemClass="oracle.dbtools.crest.model.design.relational.Index">
<ind_PK_UK id="2E1B3259-7F50-4756-BF43-DAC81066847B" name="Relation_13_PK">
<createdBy>root</createdBy>
<createdTime>2024-10-12 17:40:13 UTC</createdTime>
<ownerDesignName>Modelo</ownerDesignName>
<pk>true</pk>
<indexState>Primary Constraint</indexState>
<isSurrogateKey>false</isSurrogateKey>
<indexColumnUsage>
<colUsage columnID="FF32FBA7-3877-4FE2-9ABF-204A1DD7C3FC"/>
<colUsage columnID="A583CAAF-48E7-5A21-9D9F-51993EEC0727"/>
</indexColumnUsage>
</ind_PK_UK>
<ind_PK_UK id="14C640D3-4C6E-E3D0-ECE5-944DBA4D965B" name="Relation_13_Vehiculo_FK">
<createdBy>root</createdBy>
<createdTime>2024-10-12 17:40:13 UTC</createdTime>
<generatorID>1D49B1A4-6DAA-A28D-3B28-7BDA5201062D</generatorID>
<ownerDesignName>Modelo</ownerDesignName>
<indexState>Foreign Key</indexState>
<isSurrogateKey>false</isSurrogateKey>
<indexColumnUsage>
<colUsage columnID="FF32FBA7-3877-4FE2-9ABF-204A1DD7C3FC"/>
</indexColumnUsage>
</ind_PK_UK>
<ind_PK_UK id="8E21B452-EB41-C994-EDA8-933EE72AC8A3" name="Relation_13_proceso_FK">
<createdBy>root</createdBy>
<createdTime>2024-10-12 17:40:13 UTC</createdTime>
<generatorID>1D49B1A4-6DAA-A28D-3B28-7BDA5201062D</generatorID>
<ownerDesignName>Modelo</ownerDesignName>
<indexState>Foreign Key</indexState>
<isSurrogateKey>false</isSurrogateKey>
<indexColumnUsage>
<colUsage columnID="A583CAAF-48E7-5A21-9D9F-51993EEC0727"/>
</indexColumnUsage>
</ind_PK_UK>
</indexes>
</Table>