<?xml version = '1.0' encoding = 'UTF-8'?>
<Table class="oracle.dbtools.crest.model.design.relational.Table" directorySegmentName="seg_0" id="A4B6CC5F-A5A2-F79D-F5C5-CC5ADA5BFE4E" name="Dueño">
<createdBy>root</createdBy>
<createdTime>2024-10-12 17:40:13 UTC</createdTime>
<generatorID>F715B2D9-01DB-8CCE-3D15-97750B4081C6</generatorID>
<ownerDesignName>Modelo</ownerDesignName>
<allowColumnReorder>false</allowColumnReorder>
<existDependencyGenerateInDDl>true</existDependencyGenerateInDDl>
<parsed>true</parsed>
<columns itemClass="oracle.dbtools.crest.model.design.relational.Column">
<Column name="id_dueño" id="E55762D2-EBAF-4556-10B9-C1B2429552AB">
<createdBy>root</createdBy>
<createdTime>2024-10-12 17:40:13 UTC</createdTime>
<generatorID>3AC4880A-E015-6C52-1FF4-8697A1F86296</generatorID>
<ownerDesignName>Modelo</ownerDesignName>
<useDomainConstraints>false</useDomainConstraints>
<use>1</use>
<logicalDatatype>LOGDT011</logicalDatatype>
<ownDataTypeParameters>,,</ownDataTypeParameters>
<autoIncrementCycle>false</autoIncrementCycle>
</Column>
<Column name="rut" id="4DA67E97-1813-459D-8863-8379616FA4E9">
<createdBy>root</createdBy>
<createdTime>2024-10-12 17:40:13 UTC</createdTime>
<generatorID>894ABDE4-FBE1-6DBD-22FA-8B174898A02E</generatorID>
<ownerDesignName>Modelo</ownerDesignName>
<useDomainConstraints>false</useDomainConstraints>
<use>1</use>
<logicalDatatype>LOGDT024</logicalDatatype>
<dataTypeSize>12</dataTypeSize>
<ownDataTypeParameters>12,,</ownDataTypeParameters>
<autoIncrementCycle>false</autoIncrementCycle>
</Column>
<Column name="nombre" id="A7038460-1DA6-B8EE-807F-A53D77D7AD4A">
<createdBy>root</createdBy>
<createdTime>2024-10-12 17:40:13 UTC</createdTime>
<generatorID>41CB198D-CCB6-67B6-157B-91CD26D8CE20</generatorID>
<ownerDesignName>Modelo</ownerDesignName>
<useDomainConstraints>false</useDomainConstraints>
<use>1</use>
<logicalDatatype>LOGDT024</logicalDatatype>
<dataTypeSize>15</dataTypeSize>
<ownDataTypeParameters>15,,</ownDataTypeParameters>
<autoIncrementCycle>false</autoIncrementCycle>
</Column>
<Column name="apellido" id="D056E5AF-232E-02D0-2BFD-83B6B560535B">
<createdBy>root</createdBy>
<createdTime>2024-10-12 17:40:13 UTC</createdTime>
<generatorID>0C77812A-A948-5B80-DAD6-71A10A7252BF</generatorID>
<ownerDesignName>Modelo</ownerDesignName>
<useDomainConstraints>false</useDomainConstraints>
<use>1</use>
<logicalDatatype>LOGDT024</logicalDatatype>
<dataTypeSize>15</dataTypeSize>
<ownDataTypeParameters>15,,</ownDataTypeParameters>
<autoIncrementCycle>false</autoIncrementCycle>
</Column>
<Column name="telefono" id="0DCF0FB0-7CCC-9831-A59A-2DB04CDAF3F8">
<createdBy>root</createdBy>
<createdTime>2024-10-12 17:40:13 UTC</createdTime>
<generatorID>A09EC844-E8C8-9626-77CB-D17ABD044A4C</generatorID>
<ownerDesignName>Modelo</ownerDesignName>
<useDomainConstraints>false</useDomainConstraints>
<use>1</use>
<logicalDatatype>LOGDT024</logicalDatatype>
<dataTypeSize>10</dataTypeSize>
<ownDataTypeParameters>10,,</ownDataTypeParameters>
<autoIncrementCycle>false</autoIncrementCycle>
</Column>
<Column name="email" id="E9A13A5D-9759-301F-04D2-FA116E2CFF9D">
<createdBy>root</createdBy>
<createdTime>2024-10-12 17:40:13 UTC</createdTime>
<generatorID>D0ED1950-0755-9E9D-7D8F-B58C0187C594</generatorID>
<ownerDesignName>Modelo</ownerDesignName>
<nullsAllowed>true</nullsAllowed>
<useDomainConstraints>false</useDomainConstraints>
<use>1</use>
<logicalDatatype>LOGDT024</logicalDatatype>
<dataTypeSize>25</dataTypeSize>
<ownDataTypeParameters>25,,</ownDataTypeParameters>
<autoIncrementCycle>false</autoIncrementCycle>
</Column>
<Column name="direccion" id="1A7AD0B1-DE34-16C0-7CC1-BF541D58FE73">
<createdBy>root</createdBy>
<createdTime>2024-10-12 17:40:13 UTC</createdTime>
<generatorID>5039C06E-010D-354D-976F-350CFEAD313B</generatorID>
<ownerDesignName>Modelo</ownerDesignName>
<useDomainConstraints>false</useDomainConstraints>
<use>1</use>
<logicalDatatype>LOGDT024</logicalDatatype>
<dataTypeSize>35</dataTypeSize>
<ownDataTypeParameters>35,,</ownDataTypeParameters>
<autoIncrementCycle>false</autoIncrementCycle>
</Column>
<Column name="fecha_registro" id="B76D3BFB-85C9-28D7-247D-8EE38B704344">
<createdBy>root</createdBy>
<createdTime>2024-10-12 17:40:13 UTC</createdTime>
<generatorID>F9567D5B-3337-A791-85B4-7AEA2D4DDC79</generatorID>
<ownerDesignName>Modelo</ownerDesignName>
<useDomainConstraints>false</useDomainConstraints>
<use>1</use>
<logicalDatatype>LOGDT024</logicalDatatype>
<dataTypeSize>20</dataTypeSize>
<ownDataTypeParameters>20,,</ownDataTypeParameters>
<autoIncrementCycle>false</autoIncrementCycle>
</Column>
<Column name="perfil_id_perfil" id="C07FA35C-10DB-ED38-4BFD-0DF273926D08">
<createdBy>root</createdBy>
<createdTime>2024-10-12 17:40:13 UTC</createdTime>
<generatorID>8F385ED3-C8D6-9E56-815C-58B43C38C31B</generatorID>
<ownerDesignName>Modelo</ownerDesignName>
<useDomainConstraints>false</useDomainConstraints>
<use>1</use>
<logicalDatatype>LOGDT011</logicalDatatype>
<ownDataTypeParameters>,,</ownDataTypeParameters>
<previousColumn>false</previousColumn>
<autoIncrementCycle>false</autoIncrementCycle>
<associations>
<colAssociation fkAssociation="73E550AC-061D-3E65-B317-D0AB92CBCAB6" referredColumn="4A9187AE-70CD-328F-E9A0-F0207B229986"/>
</associations>
</Column>
</columns>
<indexes itemClass="oracle.dbtools.crest.model.design.relational.Index">
<ind_PK_UK id="6916A13B-F7A0-294B-3279-4E9F9AC7B0AD" name="Dueño_PK">
<createdBy>root</createdBy>
<createdTime>2024-10-12 17:40:13 UTC</createdTime>
<generatorID>4916AB78-3F6A-84E1-F8FE-BEB771A0D176</generatorID>
<ownerDesignName>Modelo</ownerDesignName>
<pk>true</pk>
<indexState>Primary Constraint</indexState>
<isSurrogateKey>false</isSurrogateKey>
<indexColumnUsage>
<colUsage columnID="E55762D2-EBAF-4556-10B9-C1B2429552AB"/>
</indexColumnUsage>
</ind_PK_UK>
<ind_PK_UK id="43A5FAA6-7C53-6F2E-BC27-8A5418252A58" name="Relation_12">
<createdBy>root</createdBy>
<createdTime>2024-10-12 17:40:13 UTC</createdTime>
<generatorID>E0AA0630-BE9F-F576-3CC5-2F24C589142A</generatorID>
<ownerDesignName>Modelo</ownerDesignName>
<indexState>Foreign Key</indexState>
<isSurrogateKey>false</isSurrogateKey>
<indexColumnUsage>
<colUsage columnID="C07FA35C-10DB-ED38-4BFD-0DF273926D08"/>
</indexColumnUsage>
</ind_PK_UK>
</indexes>
</Table>