<?xml version = '1.0' encoding = 'UTF-8'?>
<FKIndexAssociation class="oracle.dbtools.crest.model.design.relational.FKIndexAssociation" directorySegmentName="seg_0" id="1111E429-7034-1478-68DA-EFAAB5B5B0CA" containerWithKeyObject="FF599B06-9BDF-2AD5-8C9E-C5F551364D67" localFKIndex="0FE78665-187A-5847-9A60-6C545CBDC746" name="Relation_11">
<createdBy>root</createdBy>
<createdTime>2024-10-12 17:40:13 UTC</createdTime>
<generatorID>D60DB02B-2814-567B-B65C-19575A251656</generatorID>
<ownerDesignName>Modelo</ownerDesignName>
<referredTableLongName>Vehiculo</referredTableLongName>
<deleteRule>NO ACTION</deleteRule>
<referredTableID>656868CB-2D01-92C5-6B0D-B5A45BE12893</referredTableID>
<keyObject>83C99382-3222-96F5-4A24-0AE6BE390A4C</keyObject>
<referredKeyID>83C99382-3222-96F5-4A24-0AE6BE390A4C</referredKeyID>
<mandatory>true</mandatory>
<refColNames>id_vehiculo</refColNames>
<transferable>true</transferable>
<rely>false</rely>
<columnDependencyConstraintGenerateInDDL>true</columnDependencyConstraintGenerateInDDL>
</FKIndexAssociation>