<?xml version = '1.0' encoding = 'UTF-8'?>
<FKIndexAssociation class="oracle.dbtools.crest.model.design.relational.FKIndexAssociation" directorySegmentName="seg_0" id="13CCE7F9-A8AD-4375-1B53-D53F66C0932E" containerWithKeyObject="DEED75FB-1203-6A52-64DB-397C8CD6D5E2" localFKIndex="A6385B2A-B5B2-EB02-AB04-6BF39F1BA9FF" name="Relation_16">
<createdBy>root</createdBy>
<createdTime>2024-10-12 17:40:13 UTC</createdTime>
<generatorID>4DE03A69-6AF4-DEAB-9C44-A340EA94275B</generatorID>
<ownerDesignName>Modelo</ownerDesignName>
<referredTableLongName>Trabajador</referredTableLongName>
<deleteRule>NO ACTION</deleteRule>
<referredTableID>567C5A70-3A29-6648-88F6-56AD33061553</referredTableID>
<keyObject>76444D6D-99F5-3319-E4DF-C9D9BFE4E9D2</keyObject>
<referredKeyID>76444D6D-99F5-3319-E4DF-C9D9BFE4E9D2</referredKeyID>
<mandatory>true</mandatory>
<refColNames>id_trabajador</refColNames>
<transferable>true</transferable>
<rely>false</rely>
<columnDependencyConstraintGenerateInDDL>true</columnDependencyConstraintGenerateInDDL>
</FKIndexAssociation>