<?xml version = '1.0' encoding = 'UTF-8'?>
<FKIndexAssociation class="oracle.dbtools.crest.model.design.relational.FKIndexAssociation" directorySegmentName="seg_0" id="309F10C0-1953-77AB-09A6-7AB2019FB6F7" containerWithKeyObject="567C5A70-3A29-6648-88F6-56AD33061553" localFKIndex="80AA63F2-D9B3-AB65-8B24-A14484267BFE" name="Relation_18">
<createdBy>root</createdBy>
<createdTime>2024-10-12 17:40:13 UTC</createdTime>
<generatorID>F73ECCA0-77D3-0430-3FA1-0AD5878F9D7E</generatorID>
<ownerDesignName>Modelo</ownerDesignName>
<referredTableLongName>perfil</referredTableLongName>
<deleteRule>NO ACTION</deleteRule>
<referredTableID>3081D8E0-0C15-804C-DDDA-94B138ACAF7F</referredTableID>
<keyObject>AADF946B-2DFB-54A8-D256-A9CA33620CE1</keyObject>
<referredKeyID>AADF946B-2DFB-54A8-D256-A9CA33620CE1</referredKeyID>
<mandatory>true</mandatory>
<refColNames>id_perfil</refColNames>
<transferable>true</transferable>
<rely>false</rely>
<columnDependencyConstraintGenerateInDDL>true</columnDependencyConstraintGenerateInDDL>
</FKIndexAssociation>