<?xml version = '1.0' encoding = 'UTF-8'?>
<FKIndexAssociation class="oracle.dbtools.crest.model.design.relational.FKIndexAssociation" directorySegmentName="seg_0" id="34D70C1E-0F89-4AE5-69AF-F87C7E974349" containerWithKeyObject="44E5B321-4A47-CE57-D153-49E50361CD7E" localFKIndex="C5AB540B-E5B6-5325-BA74-74C3B9A7C200" name="Relation_19">
<createdBy>root</createdBy>
<createdTime>2024-10-12 17:40:13 UTC</createdTime>
<generatorID>B06B41C6-3854-DEDD-D494-18EDB428FEC1</generatorID>
<ownerDesignName>Modelo</ownerDesignName>
<referredTableLongName>Dueño</referredTableLongName>
<deleteRule>NO ACTION</deleteRule>
<referredTableID>A4B6CC5F-A5A2-F79D-F5C5-CC5ADA5BFE4E</referredTableID>
<keyObject>6916A13B-F7A0-294B-3279-4E9F9AC7B0AD</keyObject>
<referredKeyID>6916A13B-F7A0-294B-3279-4E9F9AC7B0AD</referredKeyID>
<mandatory>true</mandatory>
<refColNames>id_dueño</refColNames>
<transferable>true</transferable>
<rely>false</rely>
<columnDependencyConstraintGenerateInDDL>true</columnDependencyConstraintGenerateInDDL>
</FKIndexAssociation>