<?xml version = '1.0' encoding = 'UTF-8'?>
<FKIndexAssociation class="oracle.dbtools.crest.model.design.relational.FKIndexAssociation" directorySegmentName="seg_0" id="38953551-99B3-C71F-DB45-B569DB3D0995" containerWithKeyObject="44E5B321-4A47-CE57-D153-49E50361CD7E" localFKIndex="0C5FD7EA-21CE-3E56-387C-38EA4B66218D" name="Relation_24">
<createdBy>root</createdBy>
<createdTime>2024-10-12 17:40:13 UTC</createdTime>
<generatorID>919437D9-96D4-EFB5-1276-EBFB77F8A688</generatorID>
<ownerDesignName>Modelo</ownerDesignName>
<referredTableLongName>pago</referredTableLongName>
<deleteRule>NO ACTION</deleteRule>
<referredTableID>2FDCD79C-23F7-CCA6-F4B7-D7E57B6F2E85</referredTableID>
<keyObject>BA44424D-8737-535F-995C-DAA7BF573522</keyObject>
<referredKeyID>BA44424D-8737-535F-995C-DAA7BF573522</referredKeyID>
<mandatory>true</mandatory>
<refColNames>id_pago</refColNames>
<transferable>true</transferable>
<rely>false</rely>
<columnDependencyConstraintGenerateInDDL>true</columnDependencyConstraintGenerateInDDL>
</FKIndexAssociation>