<?xml version = '1.0' encoding = 'UTF-8'?>
<FKIndexAssociation class="oracle.dbtools.crest.model.design.relational.FKIndexAssociation" directorySegmentName="seg_0" id="572971E6-28C3-9A14-9BE2-3E9014159706" containerWithKeyObject="656868CB-2D01-92C5-6B0D-B5A45BE12893" localFKIndex="22A44912-F1A3-A454-7955-AA77BF56BF1A" name="Relation_23">
<createdBy>root</createdBy>
<createdTime>2024-10-12 17:40:13 UTC</createdTime>
<generatorID>6210BDBE-8FBA-C52F-49E1-BB2DB62E7CCD</generatorID>
<ownerDesignName>Modelo</ownerDesignName>
<referredTableLongName>Dueño</referredTableLongName>
<deleteRule>NO ACTION</deleteRule>
<referredTableID>A4B6CC5F-A5A2-F79D-F5C5-CC5ADA5BFE4E</referredTableID>
<keyObject>6916A13B-F7A0-294B-3279-4E9F9AC7B0AD</keyObject>
<referredKeyID>6916A13B-F7A0-294B-3279-4E9F9AC7B0AD</referredKeyID>
<mandatory>true</mandatory>
<refColNames>id_dueño</refColNames>
<transferable>true</transferable>
<rely>false</rely>
<columnDependencyConstraintGenerateInDDL>true</columnDependencyConstraintGenerateInDDL>
</FKIndexAssociation>