<?xml version = '1.0' encoding = 'UTF-8'?>
<FKIndexAssociation class="oracle.dbtools.crest.model.design.relational.FKIndexAssociation" directorySegmentName="seg_0" id="5DE01F1E-4C77-6ED0-2FA3-DED02FEDFC21" containerWithKeyObject="00A214EF-EC16-DE0E-FDD4-FE029BAE9F57" localFKIndex="0862AF0C-2811-826F-CBC0-81E637E9E5E7" name="Relation_15_servicio_FK">
<createdBy>root</createdBy>
<createdTime>2024-10-12 17:40:13 UTC</createdTime>
<generatorID>F113996D-2337-2792-A818-79C168A5D2FA</generatorID>
<ownerDesignName>Modelo</ownerDesignName>
<referredTableLongName>servicio</referredTableLongName>
<deleteRule>NO ACTION</deleteRule>
<referredTableID>8A4A3345-23D6-A215-5D79-4CD7CD14F0D4</referredTableID>
<keyObject>73CC700D-3CED-3CB8-9315-ED8BB5E96753</keyObject>
<referredKeyID>73CC700D-3CED-3CB8-9315-ED8BB5E96753</referredKeyID>
<mandatory>true</mandatory>
<refColNames>id_servicio</refColNames>
<transferable>true</transferable>
<rely>false</rely>
<columnDependencyConstraintGenerateInDDL>true</columnDependencyConstraintGenerateInDDL>
</FKIndexAssociation>