<?xml version = '1.0' encoding = 'UTF-8'?>
<FKIndexAssociation class="oracle.dbtools.crest.model.design.relational.FKIndexAssociation" directorySegmentName="seg_0" id="73E550AC-061D-3E65-B317-D0AB92CBCAB6" containerWithKeyObject="A4B6CC5F-A5A2-F79D-F5C5-CC5ADA5BFE4E" localFKIndex="43A5FAA6-7C53-6F2E-BC27-8A5418252A58" name="Relation_12">
<createdBy>root</createdBy>
<createdTime>2024-10-12 17:40:13 UTC</createdTime>
<generatorID>E0AA0630-BE9F-F576-3CC5-2F24C589142A</generatorID>
<ownerDesignName>Modelo</ownerDesignName>
<referredTableLongName>perfil</referredTableLongName>
<deleteRule>NO ACTION</deleteRule>
<referredTableID>3081D8E0-0C15-804C-DDDA-94B138ACAF7F</referredTableID>
<keyObject>AADF946B-2DFB-54A8-D256-A9CA33620CE1</keyObject>
<referredKeyID>AADF946B-2DFB-54A8-D256-A9CA33620CE1</referredKeyID>
<mandatory>true</mandatory>
<refColNames>id_perfil</refColNames>
<transferable>true</transferable>
<rely>false</rely>
<columnDependencyConstraintGenerateInDDL>true</columnDependencyConstraintGenerateInDDL>
</FKIndexAssociation>