<?xml version = '1.0' encoding = 'UTF-8'?>
<FKIndexAssociation class="oracle.dbtools.crest.model.design.relational.FKIndexAssociation" directorySegmentName="seg_0" id="8325AEED-E045-AF5F-E90A-3BE4C8A02FBA" containerWithKeyObject="33ED82EF-94CA-A499-000A-C982F0B79196" localFKIndex="E3E4BA79-3841-AC12-CB95-EE705CF29881" name="Relation_22_proceso_FK">
<createdBy>root</createdBy>
<createdTime>2024-10-12 17:40:13 UTC</createdTime>
<generatorID>DFD2E28E-2B6E-701C-0FE6-F5E4FEF276D9</generatorID>
<ownerDesignName>Modelo</ownerDesignName>
<referredTableLongName>proceso</referredTableLongName>
<deleteRule>NO ACTION</deleteRule>
<referredTableID>DEED75FB-1203-6A52-64DB-397C8CD6D5E2</referredTableID>
<keyObject>44AE7572-1318-3E83-6D0F-7440EDB8A1A0</keyObject>
<referredKeyID>44AE7572-1318-3E83-6D0F-7440EDB8A1A0</referredKeyID>
<mandatory>true</mandatory>
<refColNames>id_proceso</refColNames>
<transferable>true</transferable>
<rely>false</rely>
<columnDependencyConstraintGenerateInDDL>true</columnDependencyConstraintGenerateInDDL>
</FKIndexAssociation>