<?xml version = '1.0' encoding = 'UTF-8'?>
<FKIndexAssociation class="oracle.dbtools.crest.model.design.relational.FKIndexAssociation" directorySegmentName="seg_0" id="98AA89FA-BEE1-1CE1-079F-66F11902A581" containerWithKeyObject="8CA803FD-2093-8749-82A9-A6116326DE58" localFKIndex="8E21B452-EB41-C994-EDA8-933EE72AC8A3" name="Relation_13_proceso_FK">
<createdBy>root</createdBy>
<createdTime>2024-10-12 17:40:13 UTC</createdTime>
<generatorID>1D49B1A4-6DAA-A28D-3B28-7BDA5201062D</generatorID>
<ownerDesignName>Modelo</ownerDesignName>
<referredTableLongName>proceso</referredTableLongName>
<deleteRule>NO ACTION</deleteRule>
<referredTableID>DEED75FB-1203-6A52-64DB-397C8CD6D5E2</referredTableID>
<keyObject>44AE7572-1318-3E83-6D0F-7440EDB8A1A0</keyObject>
<referredKeyID>44AE7572-1318-3E83-6D0F-7440EDB8A1A0</referredKeyID>
<mandatory>true</mandatory>
<refColNames>id_proceso</refColNames>
<transferable>true</transferable>
<rely>false</rely>
<columnDependencyConstraintGenerateInDDL>true</columnDependencyConstraintGenerateInDDL>
</FKIndexAssociation>