<?xml version = '1.0' encoding = 'UTF-8'?>
<FKIndexAssociation class="oracle.dbtools.crest.model.design.relational.FKIndexAssociation" directorySegmentName="seg_0" id="A25C05F7-6B20-ECAF-BE89-B76C9D611069" containerWithKeyObject="3602663C-4DF7-E150-522D-31821423BA0F" localFKIndex="D3B996E8-0C75-9737-B4FA-3A58672F8757" name="Relation_17_proceso_FK">
<createdBy>root</createdBy>
<createdTime>2024-10-12 17:40:13 UTC</createdTime>
<generatorID>9CF5A6EF-FDEE-1CEF-B4FD-0947F33531DF</generatorID>
<ownerDesignName>Modelo</ownerDesignName>
<referredTableLongName>proceso</referredTableLongName>
<deleteRule>NO ACTION</deleteRule>
<referredTableID>DEED75FB-1203-6A52-64DB-397C8CD6D5E2</referredTableID>
<keyObject>44AE7572-1318-3E83-6D0F-7440EDB8A1A0</keyObject>
<referredKeyID>44AE7572-1318-3E83-6D0F-7440EDB8A1A0</referredKeyID>
<mandatory>true</mandatory>
<refColNames>id_proceso</refColNames>
<transferable>true</transferable>
<rely>false</rely>
<columnDependencyConstraintGenerateInDDL>true</columnDependencyConstraintGenerateInDDL>
</FKIndexAssociation>