<?xml version = '1.0' encoding = 'UTF-8'?>
<FKIndexAssociation class="oracle.dbtools.crest.model.design.relational.FKIndexAssociation" directorySegmentName="seg_0" id="B239F7D5-A8C4-D359-A423-BD51FF73F3A6" containerWithKeyObject="33ED82EF-94CA-A499-000A-C982F0B79196" localFKIndex="8512D55B-F080-69C6-C566-F5537EC71083" name="Relation_22_cotizaciones_FK">
<createdBy>root</createdBy>
<createdTime>2024-10-12 17:40:13 UTC</createdTime>
<generatorID>DFD2E28E-2B6E-701C-0FE6-F5E4FEF276D9</generatorID>
<ownerDesignName>Modelo</ownerDesignName>
<referredTableLongName>cotizaciones</referredTableLongName>
<deleteRule>NO ACTION</deleteRule>
<referredTableID>44E5B321-4A47-CE57-D153-49E50361CD7E</referredTableID>
<keyObject>927E19AE-67BF-1C63-3BB1-743D91191F94</keyObject>
<referredKeyID>927E19AE-67BF-1C63-3BB1-743D91191F94</referredKeyID>
<mandatory>true</mandatory>
<refColNames>id_cotizacion</refColNames>
<transferable>true</transferable>
<rely>false</rely>
<columnDependencyConstraintGenerateInDDL>true</columnDependencyConstraintGenerateInDDL>
</FKIndexAssociation>