<?xml version = '1.0' encoding = 'UTF-8'?>
<FKIndexAssociation class="oracle.dbtools.crest.model.design.relational.FKIndexAssociation" directorySegmentName="seg_0" id="D7F49B37-87C2-18CC-F30F-A308B2FF7B9C" containerWithKeyObject="3602663C-4DF7-E150-522D-31821423BA0F" localFKIndex="74C8B878-1AE5-C418-5ACD-2FF27ED3F41B" name="Relation_17_notificacion_FK">
<createdBy>root</createdBy>
<createdTime>2024-10-12 17:40:13 UTC</createdTime>
<generatorID>9CF5A6EF-FDEE-1CEF-B4FD-0947F33531DF</generatorID>
<ownerDesignName>Modelo</ownerDesignName>
<referredTableLongName>notificacion</referredTableLongName>
<deleteRule>NO ACTION</deleteRule>
<referredTableID>39C92694-F70D-25A1-3F5B-997EDBCADED9</referredTableID>
<keyObject>0D445383-F386-F008-8034-8C3097990A1E</keyObject>
<referredKeyID>0D445383-F386-F008-8034-8C3097990A1E</referredKeyID>
<mandatory>true</mandatory>
<refColNames>id_notificacion</refColNames>
<transferable>true</transferable>
<rely>false</rely>
<columnDependencyConstraintGenerateInDDL>true</columnDependencyConstraintGenerateInDDL>
</FKIndexAssociation>