<?xml version = '1.0' encoding = 'UTF-8'?>
<FKIndexAssociation class="oracle.dbtools.crest.model.design.relational.FKIndexAssociation" directorySegmentName="seg_0" id="F4C86239-F7CC-681D-90A5-89D8D6FE8465" containerWithKeyObject="00A214EF-EC16-DE0E-FDD4-FE029BAE9F57" localFKIndex="1EF37558-07A6-254B-621F-AABDD0EEFF6C" name="Relation_15_proceso_FK">
<createdBy>root</createdBy>
<createdTime>2024-10-12 17:40:13 UTC</createdTime>
<generatorID>F113996D-2337-2792-A818-79C168A5D2FA</generatorID>
<ownerDesignName>Modelo</ownerDesignName>
<referredTableLongName>proceso</referredTableLongName>
<deleteRule>NO ACTION</deleteRule>
<referredTableID>DEED75FB-1203-6A52-64DB-397C8CD6D5E2</referredTableID>
<keyObject>44AE7572-1318-3E83-6D0F-7440EDB8A1A0</keyObject>
<referredKeyID>44AE7572-1318-3E83-6D0F-7440EDB8A1A0</referredKeyID>
<mandatory>true</mandatory>
<refColNames>id_proceso</refColNames>
<transferable>true</transferable>
<rely>false</rely>
<columnDependencyConstraintGenerateInDDL>true</columnDependencyConstraintGenerateInDDL>
</FKIndexAssociation>