<?xml version = '1.0' encoding = 'UTF-8'?>
<FKIndexAssociation class="oracle.dbtools.crest.model.design.relational.FKIndexAssociation" directorySegmentName="seg_0" id="F5B58C80-BABA-3F79-6E16-C621F99D12DB" containerWithKeyObject="8CA803FD-2093-8749-82A9-A6116326DE58" localFKIndex="14C640D3-4C6E-E3D0-ECE5-944DBA4D965B" name="Relation_13_Vehiculo_FK">
<createdBy>root</createdBy>
<createdTime>2024-10-12 17:40:13 UTC</createdTime>
<generatorID>1D49B1A4-6DAA-A28D-3B28-7BDA5201062D</generatorID>
<ownerDesignName>Modelo</ownerDesignName>
<referredTableLongName>Vehiculo</referredTableLongName>
<deleteRule>NO ACTION</deleteRule>
<referredTableID>656868CB-2D01-92C5-6B0D-B5A45BE12893</referredTableID>
<keyObject>83C99382-3222-96F5-4A24-0AE6BE390A4C</keyObject>
<referredKeyID>83C99382-3222-96F5-4A24-0AE6BE390A4C</referredKeyID>
<mandatory>true</mandatory>
<refColNames>id_vehiculo</refColNames>
<transferable>true</transferable>
<rely>false</rely>
<columnDependencyConstraintGenerateInDDL>true</columnDependencyConstraintGenerateInDDL>
</FKIndexAssociation>