<?xml version = '1.0' encoding = 'UTF-8'?>
<Relation class="oracle.dbtools.crest.model.design.logical.Relation" name="Relation_13" directorySegmentName="seg_0" id="1D49B1A4-6DAA-A28D-3B28-7BDA5201062D">
<createdBy>root</createdBy>
<createdTime>2024-10-10 21:43:09 UTC</createdTime>
<ownerDesignName>Modelo</ownerDesignName>
<engineerTo>
<item key="05035A34-051E-BEAE-E6FC-EE589BA89702" value="true"/>
</engineerTo>
<sourcePk>E5CF4962-FA82-7713-1B4E-770C47106738</sourcePk>
<targetPk>58A25209-B31A-89F1-6221-128EF94645FD</targetPk>
<identifying>false</identifying>
<optionalSource>false</optionalSource>
<optionalTarget>false</optionalTarget>
<sourceCardinality>*</sourceCardinality>
<sourceEntity>93D35390-19AD-268D-1FD8-1CC1D15335E2</sourceEntity>
<targetCardinalityString>*</targetCardinalityString>
<targetEntity>7DACD0F3-1A1B-EA1D-AB9E-34BE4C90BCE3</targetEntity>
<transferable>true</transferable>
<deleteRule>NO ACTION</deleteRule>
</Relation>