<?xml version = '1.0' encoding = 'UTF-8'?>
<Relation class="oracle.dbtools.crest.model.design.logical.Relation" name="Relation_16" directorySegmentName="seg_0" id="4DE03A69-6AF4-DEAB-9C44-A340EA94275B">
<createdBy>root</createdBy>
<createdTime>2024-10-10 21:43:59 UTC</createdTime>
<ownerDesignName>Modelo</ownerDesignName>
<engineerTo>
<item key="05035A34-051E-BEAE-E6FC-EE589BA89702" value="true"/>
</engineerTo>
<sourcePk>3B2D222D-33D9-7979-40AD-A4CE781E9713</sourcePk>
<targetPk>58A25209-B31A-89F1-6221-128EF94645FD</targetPk>
<identifying>false</identifying>
<optionalSource>false</optionalSource>
<optionalTarget>false</optionalTarget>
<sourceCardinality>1</sourceCardinality>
<sourceEntity>DC9870FE-5E12-18CB-F4F5-331FA4AA647A</sourceEntity>
<targetCardinalityString>*</targetCardinalityString>
<targetEntity>7DACD0F3-1A1B-EA1D-AB9E-34BE4C90BCE3</targetEntity>
<transferable>true</transferable>
<deleteRule>NO ACTION</deleteRule>
</Relation>