<?xml version = '1.0' encoding = 'UTF-8'?>
<Relation class="oracle.dbtools.crest.model.design.logical.Relation" name="Relation_23" directorySegmentName="seg_0" id="6210BDBE-8FBA-C52F-49E1-BB2DB62E7CCD">
<createdBy>root</createdBy>
<createdTime>2024-10-10 22:55:33 UTC</createdTime>
<ownerDesignName>Modelo</ownerDesignName>
<engineerTo>
<item key="05035A34-051E-BEAE-E6FC-EE589BA89702" value="true"/>
</engineerTo>
<sourcePk>4916AB78-3F6A-84E1-F8FE-BEB771A0D176</sourcePk>
<targetPk>E5CF4962-FA82-7713-1B4E-770C47106738</targetPk>
<identifying>false</identifying>
<optionalSource>false</optionalSource>
<optionalTarget>false</optionalTarget>
<sourceCardinality>1</sourceCardinality>
<sourceEntity>F715B2D9-01DB-8CCE-3D15-97750B4081C6</sourceEntity>
<targetCardinalityString>*</targetCardinalityString>
<targetEntity>93D35390-19AD-268D-1FD8-1CC1D15335E2</targetEntity>
<transferable>true</transferable>
<deleteRule>NO ACTION</deleteRule>
</Relation>