<?xml version = '1.0' encoding = 'UTF-8'?>
<Relation class="oracle.dbtools.crest.model.design.logical.Relation" name="Relation_24" directorySegmentName="seg_0" id="919437D9-96D4-EFB5-1276-EBFB77F8A688">
<createdBy>root</createdBy>
<createdTime>2024-10-10 22:56:47 UTC</createdTime>
<ownerDesignName>Modelo</ownerDesignName>
<engineerTo>
<item key="05035A34-051E-BEAE-E6FC-EE589BA89702" value="true"/>
</engineerTo>
<sourcePk>4CE37600-6D1F-E742-B1D6-A377CBFFA7E3</sourcePk>
<targetPk>3468D2B3-D283-E8EB-F3CF-3F2F9334D0A9</targetPk>
<identifying>false</identifying>
<optionalSource>false</optionalSource>
<optionalTarget>false</optionalTarget>
<sourceCardinality>1</sourceCardinality>
<sourceEntity>3A8D05DC-A607-E133-0659-4D979C255ED7</sourceEntity>
<targetCardinalityString>*</targetCardinalityString>
<targetEntity>C6CD939C-035D-9C4E-CDF0-F628B8A97749</targetEntity>
<transferable>true</transferable>
<deleteRule>NO ACTION</deleteRule>
</Relation>