<?xml version = '1.0' encoding = 'UTF-8'?>
<Relation class="oracle.dbtools.crest.model.design.logical.Relation" name="Relation_17" directorySegmentName="seg_0" id="9CF5A6EF-FDEE-1CEF-B4FD-0947F33531DF">
<createdBy>root</createdBy>
<createdTime>2024-10-10 21:44:13 UTC</createdTime>
<ownerDesignName>Modelo</ownerDesignName>
<engineerTo>
<item key="05035A34-051E-BEAE-E6FC-EE589BA89702" value="true"/>
</engineerTo>
<sourcePk>465365CC-198D-FCA1-9446-BB2106B2B7BA</sourcePk>
<targetPk>58A25209-B31A-89F1-6221-128EF94645FD</targetPk>
<identifying>false</identifying>
<optionalSource>false</optionalSource>
<optionalTarget>false</optionalTarget>
<sourceCardinality>*</sourceCardinality>
<sourceEntity>6268B3E7-60A4-A8F1-C462-FB2C3150722B</sourceEntity>
<targetCardinalityString>*</targetCardinalityString>
<targetEntity>7DACD0F3-1A1B-EA1D-AB9E-34BE4C90BCE3</targetEntity>
<transferable>true</transferable>
<deleteRule>NO ACTION</deleteRule>
</Relation>