<?xml version = '1.0' encoding = 'UTF-8'?>
<Relation class="oracle.dbtools.crest.model.design.logical.Relation" name="Relation_19" directorySegmentName="seg_0" id="B06B41C6-3854-DEDD-D494-18EDB428FEC1">
<createdBy>root</createdBy>
<createdTime>2024-10-10 21:58:11 UTC</createdTime>
<ownerDesignName>Modelo</ownerDesignName>
<engineerTo>
<item key="05035A34-051E-BEAE-E6FC-EE589BA89702" value="true"/>
</engineerTo>
<sourcePk>4916AB78-3F6A-84E1-F8FE-BEB771A0D176</sourcePk>
<targetPk>3468D2B3-D283-E8EB-F3CF-3F2F9334D0A9</targetPk>
<identifying>false</identifying>
<optionalSource>false</optionalSource>
<optionalTarget>false</optionalTarget>
<sourceCardinality>1</sourceCardinality>
<sourceEntity>F715B2D9-01DB-8CCE-3D15-97750B4081C6</sourceEntity>
<targetCardinalityString>*</targetCardinalityString>
<targetEntity>C6CD939C-035D-9C4E-CDF0-F628B8A97749</targetEntity>
<transferable>true</transferable>
<deleteRule>NO ACTION</deleteRule>
</Relation>