<?xml version = '1.0' encoding = 'UTF-8'?>
<Relation class="oracle.dbtools.crest.model.design.logical.Relation" name="Relation_11" directorySegmentName="seg_0" id="D60DB02B-2814-567B-B65C-19575A251656">
<createdBy>root</createdBy>
<createdTime>2024-10-10 21:41:58 UTC</createdTime>
<ownerDesignName>Modelo</ownerDesignName>
<engineerTo>
<item key="05035A34-051E-BEAE-E6FC-EE589BA89702" value="true"/>
</engineerTo>
<sourcePk>E5CF4962-FA82-7713-1B4E-770C47106738</sourcePk>
<targetPk>96FF59A2-F16C-43CD-5120-0A40E1CE20F0</targetPk>
<identifying>false</identifying>
<optionalSource>false</optionalSource>
<optionalTarget>false</optionalTarget>
<sourceCardinality>1</sourceCardinality>
<sourceEntity>93D35390-19AD-268D-1FD8-1CC1D15335E2</sourceEntity>
<targetCardinalityString>*</targetCardinalityString>
<targetEntity>34E18043-4DCF-AC4F-EFD7-A9CF75E69750</targetEntity>
<transferable>true</transferable>
<deleteRule>NO ACTION</deleteRule>
</Relation>