<?xml version = '1.0' encoding = 'UTF-8'?>
<Relation class="oracle.dbtools.crest.model.design.logical.Relation" name="Relation_22" directorySegmentName="seg_0" id="DFD2E28E-2B6E-701C-0FE6-F5E4FEF276D9">
<createdBy>root</createdBy>
<createdTime>2024-10-10 22:04:55 UTC</createdTime>
<ownerDesignName>Modelo</ownerDesignName>
<engineerTo>
<item key="05035A34-051E-BEAE-E6FC-EE589BA89702" value="true"/>
</engineerTo>
<sourcePk>3468D2B3-D283-E8EB-F3CF-3F2F9334D0A9</sourcePk>
<targetPk>58A25209-B31A-89F1-6221-128EF94645FD</targetPk>
<identifying>false</identifying>
<optionalSource>false</optionalSource>
<optionalTarget>false</optionalTarget>
<sourceCardinality>*</sourceCardinality>
<sourceEntity>C6CD939C-035D-9C4E-CDF0-F628B8A97749</sourceEntity>
<targetCardinalityString>*</targetCardinalityString>
<targetEntity>7DACD0F3-1A1B-EA1D-AB9E-34BE4C90BCE3</targetEntity>
<transferable>true</transferable>
<deleteRule>NO ACTION</deleteRule>
</Relation>