<?xml version = '1.0' encoding = 'UTF-8'?>
<Relation class="oracle.dbtools.crest.model.design.logical.Relation" name="Relation_12" directorySegmentName="seg_0" id="E0AA0630-BE9F-F576-3CC5-2F24C589142A">
<createdBy>root</createdBy>
<createdTime>2024-10-12 16:10:35 UTC</createdTime>
<ownerDesignName>Modelo</ownerDesignName>
<engineerTo>
<item key="05035A34-051E-BEAE-E6FC-EE589BA89702" value="true"/>
</engineerTo>
<sourcePk>1D7DE645-3BE8-39F9-D238-1E1DEDD47101</sourcePk>
<targetPk>4916AB78-3F6A-84E1-F8FE-BEB771A0D176</targetPk>
<identifying>false</identifying>
<optionalSource>false</optionalSource>
<optionalTarget>false</optionalTarget>
<sourceCardinality>1</sourceCardinality>
<sourceEntity>AAF8BDFF-364D-136C-4258-042572772C83</sourceEntity>
<targetCardinalityString>*</targetCardinalityString>
<targetEntity>F715B2D9-01DB-8CCE-3D15-97750B4081C6</targetEntity>
<transferable>true</transferable>
<deleteRule>NO ACTION</deleteRule>
</Relation>