<?xml version = '1.0' encoding = 'UTF-8'?>
<Relation class="oracle.dbtools.crest.model.design.logical.Relation" name="Relation_15" directorySegmentName="seg_0" id="F113996D-2337-2792-A818-79C168A5D2FA">
<createdBy>root</createdBy>
<createdTime>2024-10-10 21:43:37 UTC</createdTime>
<ownerDesignName>Modelo</ownerDesignName>
<engineerTo>
<item key="05035A34-051E-BEAE-E6FC-EE589BA89702" value="true"/>
</engineerTo>
<sourcePk>B96CC75F-42D2-7E6B-55B3-DF12490A7FEC</sourcePk>
<targetPk>58A25209-B31A-89F1-6221-128EF94645FD</targetPk>
<identifying>false</identifying>
<optionalSource>false</optionalSource>
<optionalTarget>false</optionalTarget>
<sourceCardinality>*</sourceCardinality>
<sourceEntity>97070832-044F-180C-73F7-4FE3200BB0EC</sourceEntity>
<targetCardinalityString>*</targetCardinalityString>
<targetEntity>7DACD0F3-1A1B-EA1D-AB9E-34BE4C90BCE3</targetEntity>
<transferable>true</transferable>
<deleteRule>NO ACTION</deleteRule>
</Relation>