<?xml version = '1.0' encoding = 'UTF-8'?>
<Relation class="oracle.dbtools.crest.model.design.logical.Relation" name="Relation_18" directorySegmentName="seg_0" id="F73ECCA0-77D3-0430-3FA1-0AD5878F9D7E">
<createdBy>root</createdBy>
<createdTime>2024-10-12 16:10:45 UTC</createdTime>
<ownerDesignName>Modelo</ownerDesignName>
<engineerTo>
<item key="05035A34-051E-BEAE-E6FC-EE589BA89702" value="true"/>
</engineerTo>
<sourcePk>1D7DE645-3BE8-39F9-D238-1E1DEDD47101</sourcePk>
<targetPk>3B2D222D-33D9-7979-40AD-A4CE781E9713</targetPk>
<identifying>false</identifying>
<optionalSource>false</optionalSource>
<optionalTarget>false</optionalTarget>
<sourceCardinality>1</sourceCardinality>
<sourceEntity>AAF8BDFF-364D-136C-4258-042572772C83</sourceEntity>
<targetCardinalityString>*</targetCardinalityString>
<targetEntity>DC9870FE-5E12-18CB-F4F5-331FA4AA647A</targetEntity>
<transferable>true</transferable>
<deleteRule>NO ACTION</deleteRule>
</Relation>