<?xml version = '1.0' encoding = 'UTF-8'?>
<Diagram class="oracle.dbtools.crest.swingui.relational.DPVRelational" name="Blaze modelo relacional" id="A1E6E7FC-1148-7B89-C8B3-618E4750CD79">
<createdBy>root</createdBy>
<modifiedBy>root</modifiedBy>
<createdTime>2024-10-12 17:34:06 UTC</createdTime>
<autoRoute>false</autoRoute>
<boxInbox>true</boxInbox>
<showLegend>false</showLegend>
<showLabels>false</showLabels>
<showRelAttributes>false</showRelAttributes>
<gridEnabled>false</gridEnabled>
<showGrid>false</showGrid>
<diagramColor>-1</diagramColor>
<display>false</display>
<notation>1</notation>
<objectViews>
<OView class="oracle.dbtools.crest.swingui.relational.TVTable" oid="00A214EF-EC16-DE0E-FDD4-FE029BAE9F57" otype="Table" vid="A5ABF890-7D5C-1842-1430-486E1A173925">
<hideElementsInCurrentOnly>false</hideElementsInCurrentOnly>
<bounds x="931" y="455" width="183" height="110"/>
</OView>
<OView class="oracle.dbtools.crest.swingui.relational.TVTable" oid="2FDCD79C-23F7-CCA6-F4B7-D7E57B6F2E85" otype="Table" vid="364AD50B-3ED5-3B89-3DD6-3978C9241825">
<hideElementsInCurrentOnly>false</hideElementsInCurrentOnly>
<bounds x="286" y="634" width="252" height="134"/>
</OView>
<OView class="oracle.dbtools.crest.swingui.relational.TVTable" oid="3081D8E0-0C15-804C-DDDA-94B138ACAF7F" otype="Table" vid="8FDD5E83-B6DC-DFED-028F-2613793CE8E1">
<hideElementsInCurrentOnly>false</hideElementsInCurrentOnly>
<bounds x="44" y="618" width="197" height="148"/>
</OView>
<OView class="oracle.dbtools.crest.swingui.relational.TVTable" oid="33ED82EF-94CA-A499-000A-C982F0B79196" otype="Table" vid="997696A6-20DB-D37F-9AC5-6D765F96255A">
<hideElementsInCurrentOnly>false</hideElementsInCurrentOnly>
<bounds x="578" y="304" width="221" height="110"/>
</OView>
<OView class="oracle.dbtools.crest.swingui.relational.TVTable" oid="3602663C-4DF7-E150-522D-31821423BA0F" otype="Table" vid="53434EF0-C307-5FFC-7E30-E21F7CFBED17">
<hideElementsInCurrentOnly>false</hideElementsInCurrentOnly>
<bounds x="953" y="691" width="226" height="110"/>
</OView>
<OView class="oracle.dbtools.crest.swingui.relational.TVTable" oid="39C92694-F70D-25A1-3F5B-997EDBCADED9" otype="Table" vid="5685CB15-0B0B-516A-ABC5-A93D092BFA56">
<hideElementsInCurrentOnly>false</hideElementsInCurrentOnly>
<bounds x="1240" y="640" width="222" height="141"/>
</OView>
<OView class="oracle.dbtools.crest.swingui.relational.TVTable" oid="44E5B321-4A47-CE57-D153-49E50361CD7E" otype="Table" vid="510E3426-F8CB-2BE2-1343-C54E1206977D">
<hideElementsInCurrentOnly>false</hideElementsInCurrentOnly>
<bounds x="309" y="329" width="211" height="184"/>
</OView>
<OView class="oracle.dbtools.crest.swingui.relational.TVTable" oid="567C5A70-3A29-6648-88F6-56AD33061553" otype="Table" vid="594E0CEC-7F16-380C-1678-63A371E7CE69">
<hideElementsInCurrentOnly>false</hideElementsInCurrentOnly>
<bounds x="336" y="824" width="241" height="227"/>
</OView>
<OView class="oracle.dbtools.crest.swingui.relational.TVTable" oid="656868CB-2D01-92C5-6B0D-B5A45BE12893" otype="Table" vid="85B88ABD-BD86-5598-BB42-F61A8D65DD5D">
<hideElementsInCurrentOnly>false</hideElementsInCurrentOnly>
<bounds x="801" y="16" width="226" height="224"/>
</OView>
<OView class="oracle.dbtools.crest.swingui.relational.TVTable" oid="8A4A3345-23D6-A215-5D79-4CD7CD14F0D4" otype="Table" vid="5C6D4708-EA56-3C52-DCB3-54FB1C7521A1">
<hideElementsInCurrentOnly>false</hideElementsInCurrentOnly>
<bounds x="1217" y="446" width="243" height="132"/>
</OView>
<OView class="oracle.dbtools.crest.swingui.relational.TVTable" oid="8CA803FD-2093-8749-82A9-A6116326DE58" otype="Table" vid="0CD86E4E-FA63-A36A-0EAD-7F54E147BD23">
<hideElementsInCurrentOnly>false</hideElementsInCurrentOnly>
<bounds x="824" y="298" width="189" height="110"/>
</OView>
<OView class="oracle.dbtools.crest.swingui.relational.TVTable" oid="A4B6CC5F-A5A2-F79D-F5C5-CC5ADA5BFE4E" otype="Table" vid="832F15F5-646B-8527-D8F2-AD30A12A880D">
<hideElementsInCurrentOnly>false</hideElementsInCurrentOnly>
<bounds x="214" y="31" width="197" height="193"/>
</OView>
<OView class="oracle.dbtools.crest.swingui.relational.TVTable" oid="DEED75FB-1203-6A52-64DB-397C8CD6D5E2" otype="Table" vid="1AA3DC7D-EDE7-329F-E9C8-42E6BA3A09E9">
<hideElementsInCurrentOnly>false</hideElementsInCurrentOnly>
<bounds x="619" y="483" width="237" height="255"/>
</OView>
<OView class="oracle.dbtools.crest.swingui.relational.TVTable" oid="FF599B06-9BDF-2AD5-8C9E-C5F551364D67" otype="Table" vid="BADEBF96-F1BD-A455-9AEB-25FF1B386F9C">
<hideElementsInCurrentOnly>false</hideElementsInCurrentOnly>
<bounds x="1181" y="32" width="247" height="155"/>
</OView>
</objectViews>
<connectors>
<Connector class="oracle.dbtools.crest.swingui.relational.TVFKRelation" oid="1111E429-7034-1478-68DA-EFAAB5B5B0CA" otype="FKIndexAssociation" vid_source="85B88ABD-BD86-5598-BB42-F61A8D65DD5D" vid_target="BADEBF96-F1BD-A455-9AEB-25FF1B386F9C">
<hideElementsInCurrentOnly>false</hideElementsInCurrentOnly>
<backgroundColor>-16777216</backgroundColor>
<lineWidth>1</lineWidth>
<points>
<point x="1027" y="109"/>
<point x="1181" y="109"/>
</points>
</Connector>
<Connector class="oracle.dbtools.crest.swingui.relational.TVFKRelation" oid="13CCE7F9-A8AD-4375-1B53-D53F66C0932E" otype="FKIndexAssociation" vid_source="594E0CEC-7F16-380C-1678-63A371E7CE69" vid_target="1AA3DC7D-EDE7-329F-E9C8-42E6BA3A09E9">
<hideElementsInCurrentOnly>false</hideElementsInCurrentOnly>
<backgroundColor>-16777216</backgroundColor>
<lineWidth>1</lineWidth>
<points>
<point x="577" y="975"/>
<point x="733" y="975"/>
<point x="733" y="738"/>
</points>
</Connector>
<Connector class="oracle.dbtools.crest.swingui.relational.TVFKRelation" oid="309F10C0-1953-77AB-09A6-7AB2019FB6F7" otype="FKIndexAssociation" vid_source="8FDD5E83-B6DC-DFED-028F-2613793CE8E1" vid_target="594E0CEC-7F16-380C-1678-63A371E7CE69">
<hideElementsInCurrentOnly>false</hideElementsInCurrentOnly>
<backgroundColor>-16777216</backgroundColor>
<lineWidth>1</lineWidth>
<points>
<point x="131" y="766"/>
<point x="131" y="992"/>
<point x="336" y="992"/>
</points>
</Connector>
<Connector class="oracle.dbtools.crest.swingui.relational.TVFKRelation" oid="34D70C1E-0F89-4AE5-69AF-F87C7E974349" otype="FKIndexAssociation" vid_source="832F15F5-646B-8527-D8F2-AD30A12A880D" vid_target="510E3426-F8CB-2BE2-1343-C54E1206977D">
<hideElementsInCurrentOnly>false</hideElementsInCurrentOnly>
<backgroundColor>-16777216</backgroundColor>
<lineWidth>1</lineWidth>
<points>
<point x="360" y="224"/>
<point x="360" y="329"/>
</points>
</Connector>
<Connector class="oracle.dbtools.crest.swingui.relational.TVFKRelation" oid="38953551-99B3-C71F-DB45-B569DB3D0995" otype="FKIndexAssociation" vid_source="364AD50B-3ED5-3B89-3DD6-3978C9241825" vid_target="510E3426-F8CB-2BE2-1343-C54E1206977D">
<hideElementsInCurrentOnly>false</hideElementsInCurrentOnly>
<backgroundColor>-16777216</backgroundColor>
<lineWidth>1</lineWidth>
<points>
<point x="414" y="634"/>
<point x="414" y="513"/>
</points>
</Connector>
<Connector class="oracle.dbtools.crest.swingui.relational.TVFKRelation" oid="572971E6-28C3-9A14-9BE2-3E9014159706" otype="FKIndexAssociation" vid_source="832F15F5-646B-8527-D8F2-AD30A12A880D" vid_target="85B88ABD-BD86-5598-BB42-F61A8D65DD5D">
<hideElementsInCurrentOnly>false</hideElementsInCurrentOnly>
<backgroundColor>-16777216</backgroundColor>
<lineWidth>1</lineWidth>
<points>
<point x="411" y="127"/>
<point x="801" y="127"/>
</points>
</Connector>
<Connector class="oracle.dbtools.crest.swingui.relational.TVFKRelation" oid="5DE01F1E-4C77-6ED0-2FA3-DED02FEDFC21" otype="FKIndexAssociation" vid_source="5C6D4708-EA56-3C52-DCB3-54FB1C7521A1" vid_target="A5ABF890-7D5C-1842-1430-486E1A173925">
<hideElementsInCurrentOnly>false</hideElementsInCurrentOnly>
<backgroundColor>-16777216</backgroundColor>
<lineWidth>1</lineWidth>
<points>
<point x="1217" y="510"/>
<point x="1114" y="510"/>
</points>
</Connector>
<Connector class="oracle.dbtools.crest.swingui.relational.TVFKRelation" oid="73E550AC-061D-3E65-B317-D0AB92CBCAB6" otype="FKIndexAssociation" vid_source="8FDD5E83-B6DC-DFED-028F-2613793CE8E1" vid_target="832F15F5-646B-8527-D8F2-AD30A12A880D">
<hideElementsInCurrentOnly>false</hideElementsInCurrentOnly>
<backgroundColor>-16777216</backgroundColor>
<lineWidth>1</lineWidth>
<points>
<point x="120" y="618"/>
<point x="120" y="131"/>
<point x="214" y="131"/>
</points>
</Connector>
<Connector class="oracle.dbtools.crest.swingui.relational.TVFKRelation" oid="8325AEED-E045-AF5F-E90A-3BE4C8A02FBA" otype="FKIndexAssociation" vid_source="1AA3DC7D-EDE7-329F-E9C8-42E6BA3A09E9" vid_target="997696A6-20DB-D37F-9AC5-6D765F96255A">
<hideElementsInCurrentOnly>false</hideElementsInCurrentOnly>
<backgroundColor>-16777216</backgroundColor>
<lineWidth>1</lineWidth>
<points>
<point x="709" y="483"/>
<point x="709" y="414"/>
</points>
</Connector>
<Connector class="oracle.dbtools.crest.swingui.relational.TVFKRelation" oid="98AA89FA-BEE1-1CE1-079F-66F11902A581" otype="FKIndexAssociation" vid_source="1AA3DC7D-EDE7-329F-E9C8-42E6BA3A09E9" vid_target="0CD86E4E-FA63-A36A-0EAD-7F54E147BD23">
<hideElementsInCurrentOnly>false</hideElementsInCurrentOnly>
<backgroundColor>-16777216</backgroundColor>
<lineWidth>1</lineWidth>
<points>
<point x="840" y="483"/>
<point x="840" y="408"/>
</points>
</Connector>
<Connector class="oracle.dbtools.crest.swingui.relational.TVFKRelation" oid="A25C05F7-6B20-ECAF-BE89-B76C9D611069" otype="FKIndexAssociation" vid_source="1AA3DC7D-EDE7-329F-E9C8-42E6BA3A09E9" vid_target="53434EF0-C307-5FFC-7E30-E21F7CFBED17">
<hideElementsInCurrentOnly>false</hideElementsInCurrentOnly>
<backgroundColor>-16777216</backgroundColor>
<lineWidth>1</lineWidth>
<points>
<point x="856" y="714"/>
<point x="953" y="714"/>
</points>
</Connector>
<Connector class="oracle.dbtools.crest.swingui.relational.TVFKRelation" oid="B239F7D5-A8C4-D359-A423-BD51FF73F3A6" otype="FKIndexAssociation" vid_source="510E3426-F8CB-2BE2-1343-C54E1206977D" vid_target="997696A6-20DB-D37F-9AC5-6D765F96255A">
<hideElementsInCurrentOnly>false</hideElementsInCurrentOnly>
<backgroundColor>-16777216</backgroundColor>
<lineWidth>1</lineWidth>
<points>
<point x="520" y="371"/>
<point x="578" y="371"/>
</points>
</Connector>
<Connector class="oracle.dbtools.crest.swingui.relational.TVFKRelation" oid="D7F49B37-87C2-18CC-F30F-A308B2FF7B9C" otype="FKIndexAssociation" vid_source="5685CB15-0B0B-516A-ABC5-A93D092BFA56" vid_target="53434EF0-C307-5FFC-7E30-E21F7CFBED17">
<hideElementsInCurrentOnly>false</hideElementsInCurrentOnly>
<backgroundColor>-16777216</backgroundColor>
<lineWidth>1</lineWidth>
<points>
<point x="1240" y="736"/>
<point x="1179" y="736"/>
</points>
</Connector>
<Connector class="oracle.dbtools.crest.swingui.relational.TVFKRelation" oid="F4C86239-F7CC-681D-90A5-89D8D6FE8465" otype="FKIndexAssociation" vid_source="1AA3DC7D-EDE7-329F-E9C8-42E6BA3A09E9" vid_target="A5ABF890-7D5C-1842-1430-486E1A173925">
<hideElementsInCurrentOnly>false</hideElementsInCurrentOnly>
<backgroundColor>-16777216</backgroundColor>
<lineWidth>1</lineWidth>
<points>
<point x="856" y="524"/>
<point x="931" y="524"/>
</points>
</Connector>
<Connector class="oracle.dbtools.crest.swingui.relational.TVFKRelation" oid="F5B58C80-BABA-3F79-6E16-C621F99D12DB" otype="FKIndexAssociation" vid_source="85B88ABD-BD86-5598-BB42-F61A8D65DD5D" vid_target="0CD86E4E-FA63-A36A-0EAD-7F54E147BD23">
<hideElementsInCurrentOnly>false</hideElementsInCurrentOnly>
<backgroundColor>-16777216</backgroundColor>
<lineWidth>1</lineWidth>
<points>
<point x="918" y="240"/>
<point x="918" y="298"/>
</points>
</Connector>
</connectors>
</Diagram>