<?xml version = '1.0' encoding = 'UTF-8'?>
<Diagram class="oracle.dbtools.crest.swingui.logical.DPVLogical" name="Logical" id="CF250603-1FD8-6C02-CCA7-5DFCF612E439">
<createdBy>root</createdBy>
<modifiedBy>root</modifiedBy>
<createdTime>2024-09-10 20:02:10 UTC</createdTime>
<autoRoute>false</autoRoute>
<boxInbox>true</boxInbox>
<showLegend>false</showLegend>
<showLabels>false</showLabels>
<showRelAttributes>false</showRelAttributes>
<gridEnabled>false</gridEnabled>
<showGrid>false</showGrid>
<diagramColor>-1</diagramColor>
<display>false</display>
<notation>1</notation>
<objectViews>
<OView class="oracle.dbtools.crest.swingui.logical.TVEntity" oid="34E18043-4DCF-AC4F-EFD7-A9CF75E69750" otype="Entity" vid="8E43F289-7822-6738-D1EA-DCD7DDE21BD5">
<hideElementsInCurrentOnly>false</hideElementsInCurrentOnly>
<bounds x="959" y="176" width="247" height="155"/>
</OView>
<OView class="oracle.dbtools.crest.swingui.logical.TVEntity" oid="3A8D05DC-A607-E133-0659-4D979C255ED7" otype="Entity" vid="72DF798A-CE4E-4790-71B3-EC8736CD8EF9">
<hideElementsInCurrentOnly>false</hideElementsInCurrentOnly>
<bounds x="302" y="634" width="252" height="134"/>
</OView>
<OView class="oracle.dbtools.crest.swingui.logical.TVEntity" oid="6268B3E7-60A4-A8F1-C462-FB2C3150722B" otype="Entity" vid="B5EE36B3-9135-30FF-2E88-7F578B8AAC72">
<hideElementsInCurrentOnly>false</hideElementsInCurrentOnly>
<bounds x="966" y="629" width="222" height="141"/>
</OView>
<OView class="oracle.dbtools.crest.swingui.logical.TVEntity" oid="7DACD0F3-1A1B-EA1D-AB9E-34BE4C90BCE3" otype="Entity" vid="02D2AC4C-71E2-2249-307D-54BF85D83466">
<hideElementsInCurrentOnly>false</hideElementsInCurrentOnly>
<bounds x="619" y="483" width="229" height="235"/>
</OView>
<OView class="oracle.dbtools.crest.swingui.logical.TVEntity" oid="93D35390-19AD-268D-1FD8-1CC1D15335E2" otype="Entity" vid="61CF2361-26E7-FCDA-C8AD-D4DFF58727F3">
<hideElementsInCurrentOnly>false</hideElementsInCurrentOnly>
<bounds x="610" y="174" width="199" height="169"/>
</OView>
<OView class="oracle.dbtools.crest.swingui.logical.TVEntity" oid="97070832-044F-180C-73F7-4FE3200BB0EC" otype="Entity" vid="42C41F87-7AC9-3ABC-45B1-ABFC0A7C7C60">
<hideElementsInCurrentOnly>false</hideElementsInCurrentOnly>
<bounds x="1066" y="468" width="243" height="132"/>
</OView>
<OView class="oracle.dbtools.crest.swingui.logical.TVEntity" oid="AAF8BDFF-364D-136C-4258-042572772C83" otype="Entity" vid="7C6DC41F-5BC7-A951-0BFB-BD369D4EB6F6">
<hideElementsInCurrentOnly>false</hideElementsInCurrentOnly>
<bounds x="44" y="618" width="197" height="148"/>
</OView>
<OView class="oracle.dbtools.crest.swingui.logical.TVEntity" oid="C6CD939C-035D-9C4E-CDF0-F628B8A97749" otype="Entity" vid="6C932D48-1F1C-49DB-7406-C5E02F6E3626">
<hideElementsInCurrentOnly>false</hideElementsInCurrentOnly>
<bounds x="377" y="381" width="169" height="163"/>
</OView>
<OView class="oracle.dbtools.crest.swingui.logical.TVEntity" oid="DC9870FE-5E12-18CB-F4F5-331FA4AA647A" otype="Entity" vid="A95FB301-8F62-8015-559B-E040D430386C">
<hideElementsInCurrentOnly>false</hideElementsInCurrentOnly>
<bounds x="330" y="876" width="243" height="172"/>
</OView>
<OView class="oracle.dbtools.crest.swingui.logical.TVEntity" oid="F715B2D9-01DB-8CCE-3D15-97750B4081C6" otype="Entity" vid="782027C5-C1F6-7588-6288-68F747E4FC5A">
<hideElementsInCurrentOnly>false</hideElementsInCurrentOnly>
<bounds x="226" y="144" width="212" height="147"/>
</OView>
</objectViews>
<connectors>
<Connector class="oracle.dbtools.crest.swingui.logical.TVRelation" oid="1D49B1A4-6DAA-A28D-3B28-7BDA5201062D" otype="Relation" vid_source="61CF2361-26E7-FCDA-C8AD-D4DFF58727F3" vid_target="02D2AC4C-71E2-2249-307D-54BF85D83466">
<hideElementsInCurrentOnly>false</hideElementsInCurrentOnly>
<backgroundColor>-16777216</backgroundColor>
<lineWidth>1</lineWidth>
<points>
<point x="714" y="343"/>
<point x="714" y="483"/>
</points>
</Connector>
<Connector class="oracle.dbtools.crest.swingui.logical.TVRelation" oid="4DE03A69-6AF4-DEAB-9C44-A340EA94275B" otype="Relation" vid_source="A95FB301-8F62-8015-559B-E040D430386C" vid_target="02D2AC4C-71E2-2249-307D-54BF85D83466">
<hideElementsInCurrentOnly>false</hideElementsInCurrentOnly>
<backgroundColor>-16777216</backgroundColor>
<lineWidth>1</lineWidth>
<points>
<point x="573" y="975"/>
<point x="733" y="975"/>
<point x="733" y="718"/>
</points>
</Connector>
<Connector class="oracle.dbtools.crest.swingui.logical.TVRelation" oid="6210BDBE-8FBA-C52F-49E1-BB2DB62E7CCD" otype="Relation" vid_source="782027C5-C1F6-7588-6288-68F747E4FC5A" vid_target="61CF2361-26E7-FCDA-C8AD-D4DFF58727F3">
<hideElementsInCurrentOnly>false</hideElementsInCurrentOnly>
<backgroundColor>-16777216</backgroundColor>
<lineWidth>1</lineWidth>
<points>
<point x="438" y="232"/>
<point x="610" y="232"/>
</points>
</Connector>
<Connector class="oracle.dbtools.crest.swingui.logical.TVRelation" oid="919437D9-96D4-EFB5-1276-EBFB77F8A688" otype="Relation" vid_source="72DF798A-CE4E-4790-71B3-EC8736CD8EF9" vid_target="6C932D48-1F1C-49DB-7406-C5E02F6E3626">
<hideElementsInCurrentOnly>false</hideElementsInCurrentOnly>
<backgroundColor>-16777216</backgroundColor>
<lineWidth>1</lineWidth>
<points>
<point x="461" y="634"/>
<point x="461" y="544"/>
</points>
</Connector>
<Connector class="oracle.dbtools.crest.swingui.logical.TVRelation" oid="9CF5A6EF-FDEE-1CEF-B4FD-0947F33531DF" otype="Relation" vid_source="B5EE36B3-9135-30FF-2E88-7F578B8AAC72" vid_target="02D2AC4C-71E2-2249-307D-54BF85D83466">
<hideElementsInCurrentOnly>false</hideElementsInCurrentOnly>
<backgroundColor>-16777216</backgroundColor>
<lineWidth>1</lineWidth>
<points>
<point x="966" y="673"/>
<point x="848" y="673"/>
</points>
</Connector>
<Connector class="oracle.dbtools.crest.swingui.logical.TVRelation" oid="B06B41C6-3854-DEDD-D494-18EDB428FEC1" otype="Relation" vid_source="782027C5-C1F6-7588-6288-68F747E4FC5A" vid_target="6C932D48-1F1C-49DB-7406-C5E02F6E3626">
<hideElementsInCurrentOnly>false</hideElementsInCurrentOnly>
<backgroundColor>-16777216</backgroundColor>
<lineWidth>1</lineWidth>
<points>
<point x="407" y="291"/>
<point x="407" y="381"/>
</points>
</Connector>
<Connector class="oracle.dbtools.crest.swingui.logical.TVRelation" oid="D60DB02B-2814-567B-B65C-19575A251656" otype="Relation" vid_source="61CF2361-26E7-FCDA-C8AD-D4DFF58727F3" vid_target="8E43F289-7822-6738-D1EA-DCD7DDE21BD5">
<hideElementsInCurrentOnly>false</hideElementsInCurrentOnly>
<backgroundColor>-16777216</backgroundColor>
<lineWidth>1</lineWidth>
<points>
<point x="809" y="253"/>
<point x="959" y="253"/>
</points>
</Connector>
<Connector class="oracle.dbtools.crest.swingui.logical.TVRelation" oid="DFD2E28E-2B6E-701C-0FE6-F5E4FEF276D9" otype="Relation" vid_source="6C932D48-1F1C-49DB-7406-C5E02F6E3626" vid_target="02D2AC4C-71E2-2249-307D-54BF85D83466">
<hideElementsInCurrentOnly>false</hideElementsInCurrentOnly>
<backgroundColor>-16777216</backgroundColor>
<lineWidth>1</lineWidth>
<points>
<point x="546" y="513"/>
<point x="619" y="513"/>
</points>
</Connector>
<Connector class="oracle.dbtools.crest.swingui.logical.TVRelation" oid="E0AA0630-BE9F-F576-3CC5-2F24C589142A" otype="Relation" vid_source="7C6DC41F-5BC7-A951-0BFB-BD369D4EB6F6" vid_target="782027C5-C1F6-7588-6288-68F747E4FC5A">
<hideElementsInCurrentOnly>false</hideElementsInCurrentOnly>
<backgroundColor>-16777216</backgroundColor>
<lineWidth>1</lineWidth>
<points>
<point x="135" y="618"/>
<point x="135" y="224"/>
<point x="226" y="224"/>
</points>
</Connector>
<Connector class="oracle.dbtools.crest.swingui.logical.TVRelation" oid="F113996D-2337-2792-A818-79C168A5D2FA" otype="Relation" vid_source="42C41F87-7AC9-3ABC-45B1-ABFC0A7C7C60" vid_target="02D2AC4C-71E2-2249-307D-54BF85D83466">
<hideElementsInCurrentOnly>false</hideElementsInCurrentOnly>
<backgroundColor>-16777216</backgroundColor>
<lineWidth>1</lineWidth>
<points>
<point x="1066" y="541"/>
<point x="848" y="541"/>
</points>
</Connector>
<Connector class="oracle.dbtools.crest.swingui.logical.TVRelation" oid="F73ECCA0-77D3-0430-3FA1-0AD5878F9D7E" otype="Relation" vid_source="7C6DC41F-5BC7-A951-0BFB-BD369D4EB6F6" vid_target="A95FB301-8F62-8015-559B-E040D430386C">
<hideElementsInCurrentOnly>false</hideElementsInCurrentOnly>
<backgroundColor>-16777216</backgroundColor>
<lineWidth>1</lineWidth>
<points>
<point x="131" y="766"/>
<point x="131" y="992"/>
<point x="330" y="992"/>
</points>
</Connector>
</connectors>
</Diagram>