<?xml version = '1.0' encoding = 'UTF-8'?>
<Table class="oracle.dbtools.crest.model.design.relational.Table" directorySegmentName="seg_0" id="1A1E94E6-B749-2EF8-03D3-47D85F3DF7D4" name="Relacion proceso-notificacion">
<createdBy>fabian</createdBy>
<createdTime>2024-10-15 23:03:34 UTC</createdTime>
<ownerDesignName>Modelo</ownerDesignName>
<ordsAlias>relation_17</ordsAlias>
<allowColumnReorder>false</allowColumnReorder>
<existDependencyGenerateInDDl>true</existDependencyGenerateInDDl>
<parsed>true</parsed>
<columns itemClass="oracle.dbtools.crest.model.design.relational.Column">
<Column name="notificacion_id_notificacion" id="A674B8FB-FF5A-F2D8-0BAA-6349CC61C695">
<createdBy>fabian</createdBy>
<createdTime>2024-10-15 23:03:34 UTC</createdTime>
<ownerDesignName>Modelo</ownerDesignName>
<useDomainConstraints>false</useDomainConstraints>
<use>1</use>
<logicalDatatype>LOGDT011</logicalDatatype>
<ownDataTypeParameters>,,</ownDataTypeParameters>
<previousColumn>false</previousColumn>
<autoIncrementCycle>false</autoIncrementCycle>
<associations>
<colAssociation fkAssociation="9D94CB65-DF66-0A82-027E-5BC2C04851C8" referredColumn="16836F65-D4A9-201F-6A5D-1C0BCE02C829"/>
</associations>
</Column>
<Column name="proceso_id_proceso" id="D89BCE5A-F413-E917-58DC-09FAC3322D01">
<createdBy>fabian</createdBy>
<createdTime>2024-10-15 23:03:34 UTC</createdTime>
<ownerDesignName>Modelo</ownerDesignName>
<useDomainConstraints>false</useDomainConstraints>
<use>1</use>
<logicalDatatype>LOGDT011</logicalDatatype>
<ownDataTypeParameters>,,</ownDataTypeParameters>
<previousColumn>false</previousColumn>
<autoIncrementCycle>false</autoIncrementCycle>
<associations>
<colAssociation fkAssociation="309597C2-9E47-DB46-34B2-E7BF59FD365B" referredColumn="DB299756-B122-3178-B894-C6A530515396"/>
</associations>
</Column>
</columns>
<indexes itemClass="oracle.dbtools.crest.model.design.relational.Index">
<ind_PK_UK id="4BE5A6CA-B3D1-07E9-5B11-D9E55293E89C" name="Relation_17_PK">
<createdBy>fabian</createdBy>
<createdTime>2024-10-15 23:03:34 UTC</createdTime>
<ownerDesignName>Modelo</ownerDesignName>
<pk>true</pk>
<indexState>Primary Constraint</indexState>
<isSurrogateKey>false</isSurrogateKey>
<indexColumnUsage>
<colUsage columnID="A674B8FB-FF5A-F2D8-0BAA-6349CC61C695"/>
<colUsage columnID="D89BCE5A-F413-E917-58DC-09FAC3322D01"/>
</indexColumnUsage>
</ind_PK_UK>
<ind_PK_UK id="6FF7349A-8287-DA7D-D4DF-4C20421E09B3" name="Relation_17_notificacion_FK">
<createdBy>fabian</createdBy>
<createdTime>2024-10-15 23:03:34 UTC</createdTime>
<generatorID>9CF5A6EF-FDEE-1CEF-B4FD-0947F33531DF</generatorID>
<ownerDesignName>Modelo</ownerDesignName>
<indexState>Foreign Key</indexState>
<isSurrogateKey>false</isSurrogateKey>
<indexColumnUsage>
<colUsage columnID="A674B8FB-FF5A-F2D8-0BAA-6349CC61C695"/>
</indexColumnUsage>
</ind_PK_UK>
<ind_PK_UK id="9593040F-5422-7822-FF98-4F022FE577D5" name="Relation_17_proceso_FK">
<createdBy>fabian</createdBy>
<createdTime>2024-10-15 23:03:34 UTC</createdTime>
<generatorID>9CF5A6EF-FDEE-1CEF-B4FD-0947F33531DF</generatorID>
<ownerDesignName>Modelo</ownerDesignName>
<indexState>Foreign Key</indexState>
<isSurrogateKey>false</isSurrogateKey>
<indexColumnUsage>
<colUsage columnID="D89BCE5A-F413-E917-58DC-09FAC3322D01"/>
</indexColumnUsage>
</ind_PK_UK>
</indexes>
</Table>