<?xml version = '1.0' encoding = 'UTF-8'?>
<Table class="oracle.dbtools.crest.model.design.relational.Table" directorySegmentName="seg_0" id="2DCEEE52-E7EC-D991-928B-00165422A4AE" name="Vehiculo">
<createdBy>fabian</createdBy>
<createdTime>2024-10-15 23:03:34 UTC</createdTime>
<generatorID>93D35390-19AD-268D-1FD8-1CC1D15335E2</generatorID>
<ownerDesignName>Modelo</ownerDesignName>
<allowColumnReorder>false</allowColumnReorder>
<existDependencyGenerateInDDl>true</existDependencyGenerateInDDl>
<parsed>true</parsed>
<columns itemClass="oracle.dbtools.crest.model.design.relational.Column">
<Column name="id_vehiculo" id="DF6DA98F-5A8B-1B7A-1A60-BEBAA7A3C82D">
<createdBy>fabian</createdBy>
<createdTime>2024-10-15 23:03:34 UTC</createdTime>
<generatorID>0D1C1FE0-625D-6183-B8F0-603D7D447A93</generatorID>
<ownerDesignName>Modelo</ownerDesignName>
<useDomainConstraints>false</useDomainConstraints>
<use>1</use>
<logicalDatatype>LOGDT011</logicalDatatype>
<ownDataTypeParameters>,,</ownDataTypeParameters>
<autoIncrementCycle>false</autoIncrementCycle>
</Column>
<Column name="patente" id="EA15630A-B1CD-5DC8-2B0F-C11EC35BC070">
<createdBy>fabian</createdBy>
<createdTime>2024-10-15 23:03:34 UTC</createdTime>
<generatorID>21103F1C-360E-369C-7E54-02375BC534C1</generatorID>
<ownerDesignName>Modelo</ownerDesignName>
<useDomainConstraints>false</useDomainConstraints>
<use>1</use>
<logicalDatatype>LOGDT024</logicalDatatype>
<dataTypeSize>6</dataTypeSize>
<ownDataTypeParameters>6,,</ownDataTypeParameters>
<autoIncrementCycle>false</autoIncrementCycle>
</Column>
<Column name="marca" id="B80EB649-41EE-47A6-C5E1-2DE91DE5317B">
<createdBy>fabian</createdBy>
<createdTime>2024-10-15 23:03:34 UTC</createdTime>
<generatorID>071FA26C-A316-7463-3E00-B725DC1985A3</generatorID>
<ownerDesignName>Modelo</ownerDesignName>
<useDomainConstraints>false</useDomainConstraints>
<use>1</use>
<logicalDatatype>LOGDT024</logicalDatatype>
<dataTypeSize>18</dataTypeSize>
<ownDataTypeParameters>18,,</ownDataTypeParameters>
<autoIncrementCycle>false</autoIncrementCycle>
</Column>
<Column name="modelo" id="4816E592-3FF2-B579-6B55-0B2891FD1BB2">
<createdBy>fabian</createdBy>
<createdTime>2024-10-15 23:03:34 UTC</createdTime>
<generatorID>AD4F85F7-9AC6-C2DF-590E-8B20B47D192D</generatorID>
<ownerDesignName>Modelo</ownerDesignName>
<useDomainConstraints>false</useDomainConstraints>
<use>1</use>
<logicalDatatype>LOGDT024</logicalDatatype>
<dataTypeSize>25</dataTypeSize>
<ownDataTypeParameters>25,,</ownDataTypeParameters>
<autoIncrementCycle>false</autoIncrementCycle>
</Column>
<Column name="año" id="E7A678E3-6E04-E82C-2BBC-0989BDCF1C11">
<createdBy>fabian</createdBy>
<createdTime>2024-10-15 23:03:34 UTC</createdTime>
<generatorID>1B0DD3F2-7BD8-0E35-C773-B191240D8AFE</generatorID>
<ownerDesignName>Modelo</ownerDesignName>
<useDomainConstraints>false</useDomainConstraints>
<use>1</use>
<logicalDatatype>LOGDT019</logicalDatatype>
<dataTypePrecision>4</dataTypePrecision>
<ownDataTypeParameters>,4,</ownDataTypeParameters>
<autoIncrementCycle>false</autoIncrementCycle>
</Column>
<Column name="Color" id="23C94625-E9AD-6188-796D-F151D5382328">
<createdBy>fabian</createdBy>
<createdTime>2024-10-15 23:03:34 UTC</createdTime>
<generatorID>DFF9BE4C-AD50-DE2F-C3E8-DB3D798BC6C5</generatorID>
<ownerDesignName>Modelo</ownerDesignName>
<nullsAllowed>true</nullsAllowed>
<useDomainConstraints>false</useDomainConstraints>
<use>1</use>
<logicalDatatype>LOGDT024</logicalDatatype>
<dataTypeSize>12</dataTypeSize>
<ownDataTypeParameters>12,,</ownDataTypeParameters>
<autoIncrementCycle>false</autoIncrementCycle>
</Column>
<Column name="kilometraje" id="B3A5FB4C-F0F3-9245-19C4-6FAB842DBD8A">
<createdBy>fabian</createdBy>
<createdTime>2024-10-15 23:03:34 UTC</createdTime>
<generatorID>566253AC-B9EE-7933-6C79-F066A162C230</generatorID>
<ownerDesignName>Modelo</ownerDesignName>
<nullsAllowed>true</nullsAllowed>
<useDomainConstraints>false</useDomainConstraints>
<use>1</use>
<logicalDatatype>LOGDT019</logicalDatatype>
<dataTypePrecision>7</dataTypePrecision>
<ownDataTypeParameters>,7,</ownDataTypeParameters>
<autoIncrementCycle>false</autoIncrementCycle>
</Column>
<Column name="tipo_combustible" id="FB79E432-3ADE-A1B2-3274-735294EF4144">
<createdBy>fabian</createdBy>
<createdTime>2024-10-15 23:03:34 UTC</createdTime>
<generatorID>8809A51C-99B0-DF95-A1B8-700FA9651AB1</generatorID>
<ownerDesignName>Modelo</ownerDesignName>
<useDomainConstraints>false</useDomainConstraints>
<use>1</use>
<logicalDatatype>LOGDT024</logicalDatatype>
<dataTypeSize>18</dataTypeSize>
<ownDataTypeParameters>18,,</ownDataTypeParameters>
<autoIncrementCycle>false</autoIncrementCycle>
</Column>
<Column name="fecha_ultima_revision" id="89CCFD90-0C50-6C46-F5DE-4F973EE32812">
<createdBy>fabian</createdBy>
<createdTime>2024-10-15 23:03:34 UTC</createdTime>
<generatorID>23FD31C8-8676-F5AD-2741-7168E23B1A98</generatorID>
<ownerDesignName>Modelo</ownerDesignName>
<useDomainConstraints>false</useDomainConstraints>
<use>1</use>
<logicalDatatype>LOGDT024</logicalDatatype>
<dataTypeSize>20</dataTypeSize>
<ownDataTypeParameters>20,,</ownDataTypeParameters>
<autoIncrementCycle>false</autoIncrementCycle>
</Column>
<Column name="estado_vehiculo" id="E9B3701D-F6A4-A464-6B6F-EA80D7BFF35F">
<createdBy>fabian</createdBy>
<createdTime>2024-10-15 23:03:34 UTC</createdTime>
<generatorID>EB65E9AF-5385-EA93-3A20-6BFA0F4A11E4</generatorID>
<ownerDesignName>Modelo</ownerDesignName>
<useDomainConstraints>false</useDomainConstraints>
<use>1</use>
<logicalDatatype>LOGDT024</logicalDatatype>
<dataTypeSize>25</dataTypeSize>
<ownDataTypeParameters>25,,</ownDataTypeParameters>
<autoIncrementCycle>false</autoIncrementCycle>
</Column>
<Column name="Dueño_email1" id="8A74DA24-6AD0-3C60-59E3-C3A71CB5BCDB">
<createdBy>fabian</createdBy>
<createdTime>2024-10-15 23:03:34 UTC</createdTime>
<generatorID>C52E7E72-DD8E-2719-69B9-55600BF515A3</generatorID>
<ownerDesignName>Modelo</ownerDesignName>
<useDomainConstraints>false</useDomainConstraints>
<use>1</use>
<logicalDatatype>LOGDT011</logicalDatatype>
<ownDataTypeParameters>,,</ownDataTypeParameters>
<previousColumn>false</previousColumn>
<autoIncrementCycle>false</autoIncrementCycle>
<associations>
<colAssociation fkAssociation="0387BBB3-77C5-BFED-487E-6EB3B4EF39DA" referredColumn="DC497DF5-108A-FF03-2917-F2A6D32516BE"/>
</associations>
</Column>
</columns>
<indexes itemClass="oracle.dbtools.crest.model.design.relational.Index">
<ind_PK_UK id="1E17AA63-D632-FBA9-F69B-17A800E42DD4" name="Vehiculo_PK">
<createdBy>fabian</createdBy>
<createdTime>2024-10-15 23:03:34 UTC</createdTime>
<generatorID>E5CF4962-FA82-7713-1B4E-770C47106738</generatorID>
<ownerDesignName>Modelo</ownerDesignName>
<pk>true</pk>
<indexState>Primary Constraint</indexState>
<isSurrogateKey>false</isSurrogateKey>
<indexColumnUsage>
<colUsage columnID="DF6DA98F-5A8B-1B7A-1A60-BEBAA7A3C82D"/>
</indexColumnUsage>
</ind_PK_UK>
<ind_PK_UK id="5B6A66A1-7919-0147-4AF1-4F98ECAFFA38" name="Relation_23">
<createdBy>fabian</createdBy>
<createdTime>2024-10-15 23:03:34 UTC</createdTime>
<generatorID>6210BDBE-8FBA-C52F-49E1-BB2DB62E7CCD</generatorID>
<ownerDesignName>Modelo</ownerDesignName>
<indexState>Foreign Key</indexState>
<isSurrogateKey>false</isSurrogateKey>
<indexColumnUsage>
<colUsage columnID="8A74DA24-6AD0-3C60-59E3-C3A71CB5BCDB"/>
</indexColumnUsage>
</ind_PK_UK>
</indexes>
</Table>