<?xml version = '1.0' encoding = 'UTF-8'?>
<Table class="oracle.dbtools.crest.model.design.relational.Table" directorySegmentName="seg_0" id="3A2289C7-20D4-D156-7E1D-0DD656552671" name="relacion proceso-vehiculo">
<createdBy>fabian</createdBy>
<createdTime>2024-10-15 23:03:34 UTC</createdTime>
<ownerDesignName>Modelo</ownerDesignName>
<ordsAlias>relation_13</ordsAlias>
<allowColumnReorder>false</allowColumnReorder>
<existDependencyGenerateInDDl>true</existDependencyGenerateInDDl>
<parsed>true</parsed>
<columns itemClass="oracle.dbtools.crest.model.design.relational.Column">
<Column name="Vehiculo_id_vehiculo" id="95A32067-A2C6-7F7C-4610-7BAE8140C02F">
<createdBy>fabian</createdBy>
<createdTime>2024-10-15 23:03:34 UTC</createdTime>
<ownerDesignName>Modelo</ownerDesignName>
<useDomainConstraints>false</useDomainConstraints>
<use>1</use>
<logicalDatatype>LOGDT011</logicalDatatype>
<ownDataTypeParameters>,,</ownDataTypeParameters>
<previousColumn>false</previousColumn>
<autoIncrementCycle>false</autoIncrementCycle>
<associations>
<colAssociation fkAssociation="0EBA2EA0-B06F-4007-B508-824472BDEF3D" referredColumn="DF6DA98F-5A8B-1B7A-1A60-BEBAA7A3C82D"/>
</associations>
</Column>
<Column name="proceso_id_proceso" id="3E3F004C-6398-AFF0-64EE-05E46112CB67">
<createdBy>fabian</createdBy>
<createdTime>2024-10-15 23:03:34 UTC</createdTime>
<ownerDesignName>Modelo</ownerDesignName>
<useDomainConstraints>false</useDomainConstraints>
<use>1</use>
<logicalDatatype>LOGDT011</logicalDatatype>
<ownDataTypeParameters>,,</ownDataTypeParameters>
<previousColumn>false</previousColumn>
<autoIncrementCycle>false</autoIncrementCycle>
<associations>
<colAssociation fkAssociation="DAF3AE1F-E160-4A9F-2D16-D1C007D42A00" referredColumn="DB299756-B122-3178-B894-C6A530515396"/>
</associations>
</Column>
</columns>
<indexes itemClass="oracle.dbtools.crest.model.design.relational.Index">
<ind_PK_UK id="5D8E5204-5193-C72E-14FC-93BE9325AEB4" name="Relation_13_PK">
<createdBy>fabian</createdBy>
<createdTime>2024-10-15 23:03:34 UTC</createdTime>
<ownerDesignName>Modelo</ownerDesignName>
<pk>true</pk>
<indexState>Primary Constraint</indexState>
<isSurrogateKey>false</isSurrogateKey>
<indexColumnUsage>
<colUsage columnID="95A32067-A2C6-7F7C-4610-7BAE8140C02F"/>
<colUsage columnID="3E3F004C-6398-AFF0-64EE-05E46112CB67"/>
</indexColumnUsage>
</ind_PK_UK>
<ind_PK_UK id="F61E1D25-7D55-B4DE-1634-A795E7A4629E" name="Relation_13_Vehiculo_FK">
<createdBy>fabian</createdBy>
<createdTime>2024-10-15 23:03:34 UTC</createdTime>
<generatorID>1D49B1A4-6DAA-A28D-3B28-7BDA5201062D</generatorID>
<ownerDesignName>Modelo</ownerDesignName>
<indexState>Foreign Key</indexState>
<isSurrogateKey>false</isSurrogateKey>
<indexColumnUsage>
<colUsage columnID="95A32067-A2C6-7F7C-4610-7BAE8140C02F"/>
</indexColumnUsage>
</ind_PK_UK>
<ind_PK_UK id="0791FAFD-0CA9-41A0-2294-B2806DC77E0A" name="Relation_13_proceso_FK">
<createdBy>fabian</createdBy>
<createdTime>2024-10-15 23:03:34 UTC</createdTime>
<generatorID>1D49B1A4-6DAA-A28D-3B28-7BDA5201062D</generatorID>
<ownerDesignName>Modelo</ownerDesignName>
<indexState>Foreign Key</indexState>
<isSurrogateKey>false</isSurrogateKey>
<indexColumnUsage>
<colUsage columnID="3E3F004C-6398-AFF0-64EE-05E46112CB67"/>
</indexColumnUsage>
</ind_PK_UK>
</indexes>
</Table>