<?xml version = '1.0' encoding = 'UTF-8'?>
<Table class="oracle.dbtools.crest.model.design.relational.Table" directorySegmentName="seg_0" id="4C943D01-ADAD-84BC-938F-736211E563AB" name="Dueño">
<createdBy>fabian</createdBy>
<createdTime>2024-10-15 23:03:34 UTC</createdTime>
<generatorID>F715B2D9-01DB-8CCE-3D15-97750B4081C6</generatorID>
<ownerDesignName>Modelo</ownerDesignName>
<allowColumnReorder>false</allowColumnReorder>
<existDependencyGenerateInDDl>true</existDependencyGenerateInDDl>
<parsed>true</parsed>
<columns itemClass="oracle.dbtools.crest.model.design.relational.Column">
<Column name="email1" id="DC497DF5-108A-FF03-2917-F2A6D32516BE">
<createdBy>fabian</createdBy>
<createdTime>2024-10-15 23:03:34 UTC</createdTime>
<generatorID>3AC4880A-E015-6C52-1FF4-8697A1F86296</generatorID>
<ownerDesignName>Modelo</ownerDesignName>
<useDomainConstraints>false</useDomainConstraints>
<use>1</use>
<logicalDatatype>LOGDT011</logicalDatatype>
<ownDataTypeParameters>,,</ownDataTypeParameters>
<autoIncrementCycle>false</autoIncrementCycle>
</Column>
<Column name="rut" id="F95DF9D4-55F3-BD46-6614-7B9CD4309A17">
<createdBy>fabian</createdBy>
<createdTime>2024-10-15 23:03:34 UTC</createdTime>
<generatorID>894ABDE4-FBE1-6DBD-22FA-8B174898A02E</generatorID>
<ownerDesignName>Modelo</ownerDesignName>
<useDomainConstraints>false</useDomainConstraints>
<use>1</use>
<logicalDatatype>LOGDT024</logicalDatatype>
<dataTypeSize>12</dataTypeSize>
<ownDataTypeParameters>12,,</ownDataTypeParameters>
<autoIncrementCycle>false</autoIncrementCycle>
</Column>
<Column name="nombre" id="4C678969-DA96-C414-EC4A-627E69292414">
<createdBy>fabian</createdBy>
<createdTime>2024-10-15 23:03:34 UTC</createdTime>
<generatorID>41CB198D-CCB6-67B6-157B-91CD26D8CE20</generatorID>
<ownerDesignName>Modelo</ownerDesignName>
<useDomainConstraints>false</useDomainConstraints>
<use>1</use>
<logicalDatatype>LOGDT024</logicalDatatype>
<dataTypeSize>15</dataTypeSize>
<ownDataTypeParameters>15,,</ownDataTypeParameters>
<autoIncrementCycle>false</autoIncrementCycle>
</Column>
<Column name="apellido" id="A7650454-4154-745E-DCEC-42BF9831DF3B">
<createdBy>fabian</createdBy>
<createdTime>2024-10-15 23:03:34 UTC</createdTime>
<generatorID>0C77812A-A948-5B80-DAD6-71A10A7252BF</generatorID>
<ownerDesignName>Modelo</ownerDesignName>
<useDomainConstraints>false</useDomainConstraints>
<use>1</use>
<logicalDatatype>LOGDT024</logicalDatatype>
<dataTypeSize>15</dataTypeSize>
<ownDataTypeParameters>15,,</ownDataTypeParameters>
<autoIncrementCycle>false</autoIncrementCycle>
</Column>
<Column name="telefono" id="9F1336F0-A33A-86CB-A673-BC86284A91F1">
<createdBy>fabian</createdBy>
<createdTime>2024-10-15 23:03:34 UTC</createdTime>
<generatorID>A09EC844-E8C8-9626-77CB-D17ABD044A4C</generatorID>
<ownerDesignName>Modelo</ownerDesignName>
<useDomainConstraints>false</useDomainConstraints>
<use>1</use>
<logicalDatatype>LOGDT024</logicalDatatype>
<dataTypeSize>10</dataTypeSize>
<ownDataTypeParameters>10,,</ownDataTypeParameters>
<autoIncrementCycle>false</autoIncrementCycle>
</Column>
<Column name="direccion" id="FA36D045-BA27-1997-1B07-DE75FCEBB5F0">
<createdBy>fabian</createdBy>
<createdTime>2024-10-15 23:03:34 UTC</createdTime>
<generatorID>5039C06E-010D-354D-976F-350CFEAD313B</generatorID>
<ownerDesignName>Modelo</ownerDesignName>
<useDomainConstraints>false</useDomainConstraints>
<use>1</use>
<logicalDatatype>LOGDT024</logicalDatatype>
<dataTypeSize>35</dataTypeSize>
<ownDataTypeParameters>35,,</ownDataTypeParameters>
<autoIncrementCycle>false</autoIncrementCycle>
</Column>
<Column name="fecha_registro" id="75208208-C651-9791-6CA4-AFD767041D01">
<createdBy>fabian</createdBy>
<createdTime>2024-10-15 23:03:34 UTC</createdTime>
<generatorID>F9567D5B-3337-A791-85B4-7AEA2D4DDC79</generatorID>
<ownerDesignName>Modelo</ownerDesignName>
<useDomainConstraints>false</useDomainConstraints>
<use>1</use>
<logicalDatatype>LOGDT024</logicalDatatype>
<dataTypeSize>20</dataTypeSize>
<ownDataTypeParameters>20,,</ownDataTypeParameters>
<autoIncrementCycle>false</autoIncrementCycle>
</Column>
<Column name="perfil_id_perfil" id="3DBAF61F-3354-CC0D-9F50-B401E4BE8650">
<createdBy>fabian</createdBy>
<createdTime>2024-10-15 23:03:34 UTC</createdTime>
<generatorID>8F385ED3-C8D6-9E56-815C-58B43C38C31B</generatorID>
<ownerDesignName>Modelo</ownerDesignName>
<useDomainConstraints>false</useDomainConstraints>
<use>1</use>
<logicalDatatype>LOGDT011</logicalDatatype>
<ownDataTypeParameters>,,</ownDataTypeParameters>
<previousColumn>false</previousColumn>
<autoIncrementCycle>false</autoIncrementCycle>
<associations>
<colAssociation fkAssociation="9586B743-6EB6-62D8-8DFB-B5BBA2EA4C59" referredColumn="C19D529E-9B74-F9F6-8537-0EE3CAEFE5FC"/>
</associations>
</Column>
</columns>
<indexes itemClass="oracle.dbtools.crest.model.design.relational.Index">
<ind_PK_UK id="272FCC2D-0EB8-5525-4631-D28BC4266CEC" name="Dueño_PK">
<createdBy>fabian</createdBy>
<createdTime>2024-10-15 23:03:34 UTC</createdTime>
<generatorID>4916AB78-3F6A-84E1-F8FE-BEB771A0D176</generatorID>
<ownerDesignName>Modelo</ownerDesignName>
<pk>true</pk>
<indexState>Primary Constraint</indexState>
<isSurrogateKey>false</isSurrogateKey>
<indexColumnUsage>
<colUsage columnID="DC497DF5-108A-FF03-2917-F2A6D32516BE"/>
</indexColumnUsage>
</ind_PK_UK>
<ind_PK_UK id="D4AAEFCF-6DBD-0FA0-60A2-430B52EFD685" name="Relation_12">
<createdBy>fabian</createdBy>
<createdTime>2024-10-15 23:03:34 UTC</createdTime>
<generatorID>E0AA0630-BE9F-F576-3CC5-2F24C589142A</generatorID>
<ownerDesignName>Modelo</ownerDesignName>
<indexState>Foreign Key</indexState>
<isSurrogateKey>false</isSurrogateKey>
<indexColumnUsage>
<colUsage columnID="3DBAF61F-3354-CC0D-9F50-B401E4BE8650"/>
</indexColumnUsage>
</ind_PK_UK>
</indexes>
</Table>