<?xml version = '1.0' encoding = 'UTF-8'?>
<Table class="oracle.dbtools.crest.model.design.relational.Table" directorySegmentName="seg_0" id="6DC8CED8-ED55-95E6-7F46-D8DBBD968466" name="relacion proceso-cotizacion">
<createdBy>fabian</createdBy>
<createdTime>2024-10-15 23:03:34 UTC</createdTime>
<ownerDesignName>Modelo</ownerDesignName>
<ordsAlias>relation_22</ordsAlias>
<allowColumnReorder>false</allowColumnReorder>
<existDependencyGenerateInDDl>true</existDependencyGenerateInDDl>
<parsed>true</parsed>
<columns itemClass="oracle.dbtools.crest.model.design.relational.Column">
<Column name="cotizaciones_id_cotizacion" id="4007A709-82DE-A4B3-C257-E5B7258F7610">
<createdBy>fabian</createdBy>
<createdTime>2024-10-15 23:03:34 UTC</createdTime>
<ownerDesignName>Modelo</ownerDesignName>
<useDomainConstraints>false</useDomainConstraints>
<use>1</use>
<logicalDatatype>LOGDT011</logicalDatatype>
<ownDataTypeParameters>,,</ownDataTypeParameters>
<previousColumn>false</previousColumn>
<autoIncrementCycle>false</autoIncrementCycle>
<associations>
<colAssociation fkAssociation="7596EDB5-A30A-9786-2BE6-E618A1A3A562" referredColumn="2FAFA53A-3105-CC23-4E7F-931FD9E628C2"/>
</associations>
</Column>
<Column name="proceso_id_proceso" id="F81CEB8C-1904-1BF6-A4EA-94C6BF0F811C">
<createdBy>fabian</createdBy>
<createdTime>2024-10-15 23:03:34 UTC</createdTime>
<ownerDesignName>Modelo</ownerDesignName>
<useDomainConstraints>false</useDomainConstraints>
<use>1</use>
<logicalDatatype>LOGDT011</logicalDatatype>
<ownDataTypeParameters>,,</ownDataTypeParameters>
<previousColumn>false</previousColumn>
<autoIncrementCycle>false</autoIncrementCycle>
<associations>
<colAssociation fkAssociation="8F0A0207-F95F-C4FF-5DC3-0FCC7BCB0C73" referredColumn="DB299756-B122-3178-B894-C6A530515396"/>
</associations>
</Column>
</columns>
<indexes itemClass="oracle.dbtools.crest.model.design.relational.Index">
<ind_PK_UK id="E405F1E6-7762-5907-608C-8FA6A6FDC025" name="Relation_22_PK">
<createdBy>fabian</createdBy>
<createdTime>2024-10-15 23:03:34 UTC</createdTime>
<ownerDesignName>Modelo</ownerDesignName>
<pk>true</pk>
<indexState>Primary Constraint</indexState>
<isSurrogateKey>false</isSurrogateKey>
<indexColumnUsage>
<colUsage columnID="4007A709-82DE-A4B3-C257-E5B7258F7610"/>
<colUsage columnID="F81CEB8C-1904-1BF6-A4EA-94C6BF0F811C"/>
</indexColumnUsage>
</ind_PK_UK>
<ind_PK_UK id="61867883-7694-6B70-B4EA-0FBA261AA75C" name="Relation_22_cotizaciones_FK">
<createdBy>fabian</createdBy>
<createdTime>2024-10-15 23:03:34 UTC</createdTime>
<generatorID>DFD2E28E-2B6E-701C-0FE6-F5E4FEF276D9</generatorID>
<ownerDesignName>Modelo</ownerDesignName>
<indexState>Foreign Key</indexState>
<isSurrogateKey>false</isSurrogateKey>
<indexColumnUsage>
<colUsage columnID="4007A709-82DE-A4B3-C257-E5B7258F7610"/>
</indexColumnUsage>
</ind_PK_UK>
<ind_PK_UK id="0A7DB8EC-4314-91F9-1D36-D9C9249D5AA2" name="Relation_22_proceso_FK">
<createdBy>fabian</createdBy>
<createdTime>2024-10-15 23:03:34 UTC</createdTime>
<generatorID>DFD2E28E-2B6E-701C-0FE6-F5E4FEF276D9</generatorID>
<ownerDesignName>Modelo</ownerDesignName>
<indexState>Foreign Key</indexState>
<isSurrogateKey>false</isSurrogateKey>
<indexColumnUsage>
<colUsage columnID="F81CEB8C-1904-1BF6-A4EA-94C6BF0F811C"/>
</indexColumnUsage>
</ind_PK_UK>
</indexes>
</Table>