<?xml version = '1.0' encoding = 'UTF-8'?>
<Table class="oracle.dbtools.crest.model.design.relational.Table" directorySegmentName="seg_0" id="784F7229-C0DA-7AB0-A774-A34AAE695320" name="pago">
<createdBy>fabian</createdBy>
<createdTime>2024-10-15 23:03:34 UTC</createdTime>
<generatorID>3A8D05DC-A607-E133-0659-4D979C255ED7</generatorID>
<ownerDesignName>Modelo</ownerDesignName>
<allowColumnReorder>false</allowColumnReorder>
<existDependencyGenerateInDDl>true</existDependencyGenerateInDDl>
<parsed>true</parsed>
<columns itemClass="oracle.dbtools.crest.model.design.relational.Column">
<Column name="id_pago" id="427B3587-E881-6392-AE4F-CED49A357594">
<createdBy>fabian</createdBy>
<createdTime>2024-10-15 23:03:34 UTC</createdTime>
<generatorID>762F4867-C24C-D629-F155-12C2EC8D7BFA</generatorID>
<ownerDesignName>Modelo</ownerDesignName>
<useDomainConstraints>false</useDomainConstraints>
<use>1</use>
<logicalDatatype>LOGDT011</logicalDatatype>
<ownDataTypeParameters>,,</ownDataTypeParameters>
<autoIncrementCycle>false</autoIncrementCycle>
</Column>
<Column name="monto" id="CDA2524A-85AA-63E8-0C7D-C2C55BBE8889">
<createdBy>fabian</createdBy>
<createdTime>2024-10-15 23:03:34 UTC</createdTime>
<generatorID>40AD9E35-EDA3-2176-85F7-E2E8BDC9891E</generatorID>
<ownerDesignName>Modelo</ownerDesignName>
<useDomainConstraints>false</useDomainConstraints>
<use>1</use>
<logicalDatatype>LOGDT019</logicalDatatype>
<dataTypePrecision>10</dataTypePrecision>
<ownDataTypeParameters>,10,</ownDataTypeParameters>
<autoIncrementCycle>false</autoIncrementCycle>
</Column>
<Column name="metodo_pago" id="4BB1DE7F-8630-88B0-9110-763637893DBD">
<createdBy>fabian</createdBy>
<createdTime>2024-10-15 23:03:34 UTC</createdTime>
<generatorID>3855491A-E469-E82F-5D11-96593F2CCB58</generatorID>
<ownerDesignName>Modelo</ownerDesignName>
<useDomainConstraints>false</useDomainConstraints>
<use>1</use>
<logicalDatatype>LOGDT024</logicalDatatype>
<dataTypeSize>20</dataTypeSize>
<ownDataTypeParameters>20,,</ownDataTypeParameters>
<autoIncrementCycle>false</autoIncrementCycle>
</Column>
<Column name="fecha_pago" id="D4177A94-0D55-B87A-9AA4-E60B7C060A1D">
<createdBy>fabian</createdBy>
<createdTime>2024-10-15 23:03:34 UTC</createdTime>
<generatorID>712E71B8-E913-1644-037E-C18CD3FDE425</generatorID>
<ownerDesignName>Modelo</ownerDesignName>
<useDomainConstraints>false</useDomainConstraints>
<use>1</use>
<logicalDatatype>LOGDT024</logicalDatatype>
<dataTypeSize>20</dataTypeSize>
<ownDataTypeParameters>20,,</ownDataTypeParameters>
<autoIncrementCycle>false</autoIncrementCycle>
</Column>
<Column name="estado_pago" id="FF2987F9-2752-799E-508E-5A4E72893354">
<createdBy>fabian</createdBy>
<createdTime>2024-10-15 23:03:34 UTC</createdTime>
<generatorID>27EBFE10-0B79-39C3-853D-32EDC3DA7BDE</generatorID>
<ownerDesignName>Modelo</ownerDesignName>
<useDomainConstraints>false</useDomainConstraints>
<use>1</use>
<logicalDatatype>LOGDT024</logicalDatatype>
<dataTypeSize>15</dataTypeSize>
<ownDataTypeParameters>15,,</ownDataTypeParameters>
<autoIncrementCycle>false</autoIncrementCycle>
</Column>
</columns>
<indexes itemClass="oracle.dbtools.crest.model.design.relational.Index">
<ind_PK_UK id="756CB002-966E-8911-520B-3470C7027281" name="pago_PK">
<createdBy>fabian</createdBy>
<createdTime>2024-10-15 23:03:34 UTC</createdTime>
<generatorID>4CE37600-6D1F-E742-B1D6-A377CBFFA7E3</generatorID>
<ownerDesignName>Modelo</ownerDesignName>
<pk>true</pk>
<indexState>Primary Constraint</indexState>
<isSurrogateKey>false</isSurrogateKey>
<indexColumnUsage>
<colUsage columnID="427B3587-E881-6392-AE4F-CED49A357594"/>
</indexColumnUsage>
</ind_PK_UK>
</indexes>
</Table>