<?xml version = '1.0' encoding = 'UTF-8'?>
<Table class="oracle.dbtools.crest.model.design.relational.Table" directorySegmentName="seg_0" id="AF935EC6-8759-F6EA-2432-1AEBFE57D8C8" name="relacion proceso-servicio">
<createdBy>fabian</createdBy>
<createdTime>2024-10-15 23:03:34 UTC</createdTime>
<ownerDesignName>Modelo</ownerDesignName>
<ordsAlias>relation_15</ordsAlias>
<allowColumnReorder>false</allowColumnReorder>
<existDependencyGenerateInDDl>true</existDependencyGenerateInDDl>
<parsed>true</parsed>
<columns itemClass="oracle.dbtools.crest.model.design.relational.Column">
<Column name="servicio_id_servicio" id="179B1116-860E-3F73-0009-FB394805B277">
<createdBy>fabian</createdBy>
<createdTime>2024-10-15 23:03:34 UTC</createdTime>
<ownerDesignName>Modelo</ownerDesignName>
<useDomainConstraints>false</useDomainConstraints>
<use>1</use>
<logicalDatatype>LOGDT011</logicalDatatype>
<ownDataTypeParameters>,,</ownDataTypeParameters>
<previousColumn>false</previousColumn>
<autoIncrementCycle>false</autoIncrementCycle>
<associations>
<colAssociation fkAssociation="6BA74516-4C18-6A0A-72CA-5E0C3AE041A1" referredColumn="A62D4CAF-281C-9E00-6672-7CF3B737EC0E"/>
</associations>
</Column>
<Column name="proceso_id_proceso" id="AFC6E1F7-516E-3637-BB16-11DA4D7B2B00">
<createdBy>fabian</createdBy>
<createdTime>2024-10-15 23:03:34 UTC</createdTime>
<ownerDesignName>Modelo</ownerDesignName>
<useDomainConstraints>false</useDomainConstraints>
<use>1</use>
<logicalDatatype>LOGDT011</logicalDatatype>
<ownDataTypeParameters>,,</ownDataTypeParameters>
<previousColumn>false</previousColumn>
<autoIncrementCycle>false</autoIncrementCycle>
<associations>
<colAssociation fkAssociation="88F1E331-F573-B847-8EDA-881E55CEF949" referredColumn="DB299756-B122-3178-B894-C6A530515396"/>
</associations>
</Column>
</columns>
<indexes itemClass="oracle.dbtools.crest.model.design.relational.Index">
<ind_PK_UK id="511ACC5B-9FB3-D0CD-B8A3-4EDC08475551" name="Relation_15_PK">
<createdBy>fabian</createdBy>
<createdTime>2024-10-15 23:03:34 UTC</createdTime>
<ownerDesignName>Modelo</ownerDesignName>
<pk>true</pk>
<indexState>Primary Constraint</indexState>
<isSurrogateKey>false</isSurrogateKey>
<indexColumnUsage>
<colUsage columnID="179B1116-860E-3F73-0009-FB394805B277"/>
<colUsage columnID="AFC6E1F7-516E-3637-BB16-11DA4D7B2B00"/>
</indexColumnUsage>
</ind_PK_UK>
<ind_PK_UK id="C085E6BC-A925-19CF-ED4E-304AE5A2E51F" name="Relation_15_servicio_FK">
<createdBy>fabian</createdBy>
<createdTime>2024-10-15 23:03:34 UTC</createdTime>
<generatorID>F113996D-2337-2792-A818-79C168A5D2FA</generatorID>
<ownerDesignName>Modelo</ownerDesignName>
<indexState>Foreign Key</indexState>
<isSurrogateKey>false</isSurrogateKey>
<indexColumnUsage>
<colUsage columnID="179B1116-860E-3F73-0009-FB394805B277"/>
</indexColumnUsage>
</ind_PK_UK>
<ind_PK_UK id="6F8A9E69-B091-AB42-DBCA-2AFA8A89EE14" name="Relation_15_proceso_FK">
<createdBy>fabian</createdBy>
<createdTime>2024-10-15 23:03:34 UTC</createdTime>
<generatorID>F113996D-2337-2792-A818-79C168A5D2FA</generatorID>
<ownerDesignName>Modelo</ownerDesignName>
<indexState>Foreign Key</indexState>
<isSurrogateKey>false</isSurrogateKey>
<indexColumnUsage>
<colUsage columnID="AFC6E1F7-516E-3637-BB16-11DA4D7B2B00"/>
</indexColumnUsage>
</ind_PK_UK>
</indexes>
</Table>