<?xml version = '1.0' encoding = 'UTF-8'?>
<Table class="oracle.dbtools.crest.model.design.relational.Table" directorySegmentName="seg_0" id="F71DF2C9-FAAF-1DF3-9879-678141F7673C" name="cotizaciones">
<createdBy>fabian</createdBy>
<createdTime>2024-10-15 23:03:34 UTC</createdTime>
<generatorID>C6CD939C-035D-9C4E-CDF0-F628B8A97749</generatorID>
<ownerDesignName>Modelo</ownerDesignName>
<allowColumnReorder>false</allowColumnReorder>
<existDependencyGenerateInDDl>true</existDependencyGenerateInDDl>
<parsed>true</parsed>
<columns itemClass="oracle.dbtools.crest.model.design.relational.Column">
<Column name="id_cotizacion" id="2FAFA53A-3105-CC23-4E7F-931FD9E628C2">
<createdBy>fabian</createdBy>
<createdTime>2024-10-15 23:03:34 UTC</createdTime>
<generatorID>0585F1C8-507A-B283-74FD-19DB232AC105</generatorID>
<ownerDesignName>Modelo</ownerDesignName>
<useDomainConstraints>false</useDomainConstraints>
<use>1</use>
<logicalDatatype>LOGDT011</logicalDatatype>
<ownDataTypeParameters>,,</ownDataTypeParameters>
<autoIncrementCycle>false</autoIncrementCycle>
</Column>
<Column name="fecha_cotizacion" id="79DD2568-1C75-D04A-AFF4-D62E5489AB1F">
<createdBy>fabian</createdBy>
<createdTime>2024-10-15 23:03:34 UTC</createdTime>
<generatorID>01B914EF-6DD5-CCD0-1049-F765473A7F17</generatorID>
<ownerDesignName>Modelo</ownerDesignName>
<useDomainConstraints>false</useDomainConstraints>
<use>1</use>
<logicalDatatype>LOGDT024</logicalDatatype>
<dataTypeSize>20</dataTypeSize>
<ownDataTypeParameters>20,,</ownDataTypeParameters>
<autoIncrementCycle>false</autoIncrementCycle>
</Column>
<Column name="detalle_cotizacion" id="8565C14A-D131-A9FE-0B6A-281DD6C57652">
<createdBy>fabian</createdBy>
<createdTime>2024-10-15 23:03:34 UTC</createdTime>
<generatorID>89580CB9-167E-8FA5-0495-E4C86C0C630F</generatorID>
<ownerDesignName>Modelo</ownerDesignName>
<useDomainConstraints>false</useDomainConstraints>
<use>1</use>
<logicalDatatype>LOGDT024</logicalDatatype>
<dataTypeSize>50</dataTypeSize>
<ownDataTypeParameters>50,,</ownDataTypeParameters>
<autoIncrementCycle>false</autoIncrementCycle>
</Column>
<Column name="Costo_estimado" id="F1543A3B-85DC-8CE9-DF0B-F5EDF00B3EBB">
<createdBy>fabian</createdBy>
<createdTime>2024-10-15 23:03:34 UTC</createdTime>
<generatorID>8390BBBC-9858-3A61-90F2-992B417DF916</generatorID>
<ownerDesignName>Modelo</ownerDesignName>
<useDomainConstraints>false</useDomainConstraints>
<use>1</use>
<logicalDatatype>LOGDT019</logicalDatatype>
<dataTypePrecision>9</dataTypePrecision>
<ownDataTypeParameters>,9,</ownDataTypeParameters>
<autoIncrementCycle>false</autoIncrementCycle>
</Column>
<Column name="estado_cotizacion" id="C9BE0F27-20DF-5AC2-A499-DFD65926985B">
<createdBy>fabian</createdBy>
<createdTime>2024-10-15 23:03:34 UTC</createdTime>
<generatorID>95978A2D-6CC4-1474-63CB-1A4144A6D5DF</generatorID>
<ownerDesignName>Modelo</ownerDesignName>
<useDomainConstraints>false</useDomainConstraints>
<use>1</use>
<logicalDatatype>LOGDT024</logicalDatatype>
<dataTypeSize>10</dataTypeSize>
<ownDataTypeParameters>10,,</ownDataTypeParameters>
<autoIncrementCycle>false</autoIncrementCycle>
</Column>
<Column name="Dueño_email1" id="3EC8BBE8-B2CE-F63B-0504-6D4E7A044C9E">
<createdBy>fabian</createdBy>
<createdTime>2024-10-15 23:03:34 UTC</createdTime>
<generatorID>6B7C9366-0AC9-1A04-69C3-FC6B64B267CD</generatorID>
<ownerDesignName>Modelo</ownerDesignName>
<useDomainConstraints>false</useDomainConstraints>
<use>1</use>
<logicalDatatype>LOGDT011</logicalDatatype>
<ownDataTypeParameters>,,</ownDataTypeParameters>
<previousColumn>false</previousColumn>
<autoIncrementCycle>false</autoIncrementCycle>
<associations>
<colAssociation fkAssociation="6B6AA7B5-5CCA-174D-A3F7-B2A52D5E8F41" referredColumn="DC497DF5-108A-FF03-2917-F2A6D32516BE"/>
</associations>
</Column>
<Column name="pago_id_pago" id="42C99B49-4415-A65E-65EB-54190796D448">
<createdBy>fabian</createdBy>
<createdTime>2024-10-15 23:03:34 UTC</createdTime>
<generatorID>A0FF2764-D4B3-7B7E-27A7-54D59414E878</generatorID>
<ownerDesignName>Modelo</ownerDesignName>
<useDomainConstraints>false</useDomainConstraints>
<use>1</use>
<logicalDatatype>LOGDT011</logicalDatatype>
<ownDataTypeParameters>,,</ownDataTypeParameters>
<previousColumn>false</previousColumn>
<autoIncrementCycle>false</autoIncrementCycle>
<associations>
<colAssociation fkAssociation="6B169F43-31EA-C4AC-E517-EDAFECCC9FCA" referredColumn="427B3587-E881-6392-AE4F-CED49A357594"/>
</associations>
</Column>
</columns>
<indexes itemClass="oracle.dbtools.crest.model.design.relational.Index">
<ind_PK_UK id="4D2F232D-8BD9-928B-D883-4BC2693B97DE" name="cotizaciones_PK">
<createdBy>fabian</createdBy>
<createdTime>2024-10-15 23:03:34 UTC</createdTime>
<generatorID>3468D2B3-D283-E8EB-F3CF-3F2F9334D0A9</generatorID>
<ownerDesignName>Modelo</ownerDesignName>
<pk>true</pk>
<indexState>Primary Constraint</indexState>
<isSurrogateKey>false</isSurrogateKey>
<indexColumnUsage>
<colUsage columnID="2FAFA53A-3105-CC23-4E7F-931FD9E628C2"/>
</indexColumnUsage>
</ind_PK_UK>
<ind_PK_UK id="8C8C62A8-9131-51A8-BBBE-F95094F2F212" name="Relation_19">
<createdBy>fabian</createdBy>
<createdTime>2024-10-15 23:03:34 UTC</createdTime>
<generatorID>B06B41C6-3854-DEDD-D494-18EDB428FEC1</generatorID>
<ownerDesignName>Modelo</ownerDesignName>
<indexState>Foreign Key</indexState>
<isSurrogateKey>false</isSurrogateKey>
<indexColumnUsage>
<colUsage columnID="3EC8BBE8-B2CE-F63B-0504-6D4E7A044C9E"/>
</indexColumnUsage>
</ind_PK_UK>
<ind_PK_UK id="6D836F24-DEAC-FE2E-AB13-CBE9C5E9957B" name="Relation_24">
<createdBy>fabian</createdBy>
<createdTime>2024-10-15 23:03:34 UTC</createdTime>
<generatorID>919437D9-96D4-EFB5-1276-EBFB77F8A688</generatorID>
<ownerDesignName>Modelo</ownerDesignName>
<indexState>Foreign Key</indexState>
<isSurrogateKey>false</isSurrogateKey>
<indexColumnUsage>
<colUsage columnID="42C99B49-4415-A65E-65EB-54190796D448"/>
</indexColumnUsage>
</ind_PK_UK>
</indexes>
</Table>