<?xml version = '1.0' encoding = 'UTF-8'?>
<Diagram class="oracle.dbtools.crest.swingui.relational.DPVRelational" name="Relational_1" id="A044C845-4969-4060-93B4-6E3072ACA2E8">
<createdBy>fabian</createdBy>
<modifiedBy>fabian</modifiedBy>
<createdTime>2024-10-15 23:03:14 UTC</createdTime>
<autoRoute>false</autoRoute>
<boxInbox>true</boxInbox>
<showLegend>false</showLegend>
<showLabels>false</showLabels>
<showRelAttributes>false</showRelAttributes>
<gridEnabled>false</gridEnabled>
<showGrid>false</showGrid>
<diagramColor>-1</diagramColor>
<display>false</display>
<notation>1</notation>
<objectViews>
<OView class="oracle.dbtools.crest.swingui.relational.TVTable" oid="1A1E94E6-B749-2EF8-03D3-47D85F3DF7D4" otype="Table" vid="DDB94A91-92FC-1AD6-D0FF-C2E52411441D">
<hideElementsInCurrentOnly>false</hideElementsInCurrentOnly>
<bounds x="900" y="686" width="170" height="110"/>
</OView>
<OView class="oracle.dbtools.crest.swingui.relational.TVTable" oid="2DCEEE52-E7EC-D991-928B-00165422A4AE" otype="Table" vid="A3D6FE18-2A32-E07F-31F6-B73B4B9C468D">
<hideElementsInCurrentOnly>false</hideElementsInCurrentOnly>
<bounds x="611" y="93" width="199" height="169"/>
</OView>
<OView class="oracle.dbtools.crest.swingui.relational.TVTable" oid="3A2289C7-20D4-D156-7E1D-0DD656552671" otype="Table" vid="BBB19717-4396-2CA2-FD42-7FAC5A7FE890">
<hideElementsInCurrentOnly>false</hideElementsInCurrentOnly>
<bounds x="697" y="352" width="170" height="110"/>
</OView>
<OView class="oracle.dbtools.crest.swingui.relational.TVTable" oid="486BE878-5518-F2ED-F9DE-1D3D4C714FB1" otype="Table" vid="45EFD499-55BF-61BB-F8EC-C72002A16D49">
<hideElementsInCurrentOnly>false</hideElementsInCurrentOnly>
<bounds x="1156" y="688" width="222" height="141"/>
</OView>
<OView class="oracle.dbtools.crest.swingui.relational.TVTable" oid="4C943D01-ADAD-84BC-938F-736211E563AB" otype="Table" vid="545F3CEF-C28B-5186-BDB1-0AB2ACAE772E">
<hideElementsInCurrentOnly>false</hideElementsInCurrentOnly>
<bounds x="231" y="94" width="212" height="147"/>
</OView>
<OView class="oracle.dbtools.crest.swingui.relational.TVTable" oid="5725879E-AB44-2CD1-A122-A9CF8ABA26FA" otype="Table" vid="AA5680CD-CC3C-9D7D-B490-92AFF288BD3D">
<hideElementsInCurrentOnly>false</hideElementsInCurrentOnly>
<bounds x="44" y="618" width="197" height="148"/>
</OView>
<OView class="oracle.dbtools.crest.swingui.relational.TVTable" oid="6DC8CED8-ED55-95E6-7F46-D8DBBD968466" otype="Table" vid="B88D8C78-EF31-2CAE-9E93-945B89C04C9E">
<hideElementsInCurrentOnly>false</hideElementsInCurrentOnly>
<bounds x="452" y="356" width="170" height="110"/>
</OView>
<OView class="oracle.dbtools.crest.swingui.relational.TVTable" oid="784F7229-C0DA-7AB0-A774-A34AAE695320" otype="Table" vid="7AE3AFFA-45E2-83A9-C5A6-BD481F917CAC">
<hideElementsInCurrentOnly>false</hideElementsInCurrentOnly>
<bounds x="302" y="634" width="252" height="134"/>
</OView>
<OView class="oracle.dbtools.crest.swingui.relational.TVTable" oid="AF935EC6-8759-F6EA-2432-1AEBFE57D8C8" otype="Table" vid="CEBE4AA2-75E9-45A9-79B7-FBD45A754221">
<hideElementsInCurrentOnly>false</hideElementsInCurrentOnly>
<bounds x="899" y="496" width="170" height="110"/>
</OView>
<OView class="oracle.dbtools.crest.swingui.relational.TVTable" oid="B55D4EA1-5ED0-2816-194C-10F0EB2C412A" otype="Table" vid="E9A88F75-2930-AFF4-36AE-E9E6207200EE">
<hideElementsInCurrentOnly>false</hideElementsInCurrentOnly>
<bounds x="619" y="483" width="229" height="235"/>
</OView>
<OView class="oracle.dbtools.crest.swingui.relational.TVTable" oid="BD38C7E9-2136-07B8-FA2A-4E249D9EDBA9" otype="Table" vid="AC0D7996-4CCC-4FBF-837F-0F30CE7FA1D3">
<hideElementsInCurrentOnly>false</hideElementsInCurrentOnly>
<bounds x="959" y="176" width="247" height="155"/>
</OView>
<OView class="oracle.dbtools.crest.swingui.relational.TVTable" oid="D63E221A-B052-1F3B-DFAB-41A9B798F4AE" otype="Table" vid="7F357E4E-228D-AFFD-886C-650CE80DFE4E">
<hideElementsInCurrentOnly>false</hideElementsInCurrentOnly>
<bounds x="330" y="876" width="243" height="172"/>
</OView>
<OView class="oracle.dbtools.crest.swingui.relational.TVTable" oid="DB8DA376-25FA-1FAA-A12D-BDC996797DDD" otype="Table" vid="71D770CB-9C89-8177-0139-7F77568B2C4F">
<hideElementsInCurrentOnly>false</hideElementsInCurrentOnly>
<bounds x="1140" y="456" width="243" height="132"/>
</OView>
<OView class="oracle.dbtools.crest.swingui.relational.TVTable" oid="F71DF2C9-FAAF-1DF3-9879-678141F7673C" otype="Table" vid="90E79C33-7910-8461-1AC5-B0EC645050E3">
<hideElementsInCurrentOnly>false</hideElementsInCurrentOnly>
<bounds x="254" y="345" width="169" height="163"/>
</OView>
</objectViews>
<connectors>
<Connector class="oracle.dbtools.crest.swingui.relational.TVFKRelation" oid="0387BBB3-77C5-BFED-487E-6EB3B4EF39DA" otype="FKIndexAssociation" vid_source="545F3CEF-C28B-5186-BDB1-0AB2ACAE772E" vid_target="A3D6FE18-2A32-E07F-31F6-B73B4B9C468D">
<hideElementsInCurrentOnly>false</hideElementsInCurrentOnly>
<backgroundColor>-16777216</backgroundColor>
<lineWidth>1</lineWidth>
<points>
<point x="443" y="167"/>
<point x="611" y="167"/>
</points>
</Connector>
<Connector class="oracle.dbtools.crest.swingui.relational.TVFKRelation" oid="0EBA2EA0-B06F-4007-B508-824472BDEF3D" otype="FKIndexAssociation" vid_source="A3D6FE18-2A32-E07F-31F6-B73B4B9C468D" vid_target="BBB19717-4396-2CA2-FD42-7FAC5A7FE890">
<hideElementsInCurrentOnly>false</hideElementsInCurrentOnly>
<backgroundColor>-16777216</backgroundColor>
<lineWidth>1</lineWidth>
<points>
<point x="753" y="262"/>
<point x="753" y="352"/>
</points>
</Connector>
<Connector class="oracle.dbtools.crest.swingui.relational.TVFKRelation" oid="309597C2-9E47-DB46-34B2-E7BF59FD365B" otype="FKIndexAssociation" vid_source="E9A88F75-2930-AFF4-36AE-E9E6207200EE" vid_target="DDB94A91-92FC-1AD6-D0FF-C2E52411441D">
<hideElementsInCurrentOnly>false</hideElementsInCurrentOnly>
<backgroundColor>-16777216</backgroundColor>
<lineWidth>1</lineWidth>
<points>
<point x="848" y="702"/>
<point x="900" y="702"/>
</points>
</Connector>
<Connector class="oracle.dbtools.crest.swingui.relational.TVFKRelation" oid="69C2F215-3204-86C2-7645-32169B1006EC" otype="FKIndexAssociation" vid_source="7F357E4E-228D-AFFD-886C-650CE80DFE4E" vid_target="E9A88F75-2930-AFF4-36AE-E9E6207200EE">
<hideElementsInCurrentOnly>false</hideElementsInCurrentOnly>
<backgroundColor>-16777216</backgroundColor>
<lineWidth>1</lineWidth>
<points>
<point x="573" y="975"/>
<point x="733" y="975"/>
<point x="733" y="718"/>
</points>
</Connector>
<Connector class="oracle.dbtools.crest.swingui.relational.TVFKRelation" oid="6B169F43-31EA-C4AC-E517-EDAFECCC9FCA" otype="FKIndexAssociation" vid_source="7AE3AFFA-45E2-83A9-C5A6-BD481F917CAC" vid_target="90E79C33-7910-8461-1AC5-B0EC645050E3">
<hideElementsInCurrentOnly>false</hideElementsInCurrentOnly>
<backgroundColor>-16777216</backgroundColor>
<lineWidth>1</lineWidth>
<points>
<point x="362" y="634"/>
<point x="362" y="508"/>
</points>
</Connector>
<Connector class="oracle.dbtools.crest.swingui.relational.TVFKRelation" oid="6B6AA7B5-5CCA-174D-A3F7-B2A52D5E8F41" otype="FKIndexAssociation" vid_source="545F3CEF-C28B-5186-BDB1-0AB2ACAE772E" vid_target="90E79C33-7910-8461-1AC5-B0EC645050E3">
<hideElementsInCurrentOnly>false</hideElementsInCurrentOnly>
<backgroundColor>-16777216</backgroundColor>
<lineWidth>1</lineWidth>
<points>
<point x="338" y="241"/>
<point x="338" y="345"/>
</points>
</Connector>
<Connector class="oracle.dbtools.crest.swingui.relational.TVFKRelation" oid="6BA74516-4C18-6A0A-72CA-5E0C3AE041A1" otype="FKIndexAssociation" vid_source="71D770CB-9C89-8177-0139-7F77568B2C4F" vid_target="CEBE4AA2-75E9-45A9-79B7-FBD45A754221">
<hideElementsInCurrentOnly>false</hideElementsInCurrentOnly>
<backgroundColor>-16777216</backgroundColor>
<lineWidth>1</lineWidth>
<points>
<point x="1140" y="542"/>
<point x="1069" y="542"/>
</points>
</Connector>
<Connector class="oracle.dbtools.crest.swingui.relational.TVFKRelation" oid="7596EDB5-A30A-9786-2BE6-E618A1A3A562" otype="FKIndexAssociation" vid_source="90E79C33-7910-8461-1AC5-B0EC645050E3" vid_target="B88D8C78-EF31-2CAE-9E93-945B89C04C9E">
<hideElementsInCurrentOnly>false</hideElementsInCurrentOnly>
<backgroundColor>-16777216</backgroundColor>
<lineWidth>1</lineWidth>
<points>
<point x="423" y="411"/>
<point x="452" y="411"/>
</points>
</Connector>
<Connector class="oracle.dbtools.crest.swingui.relational.TVFKRelation" oid="88F1E331-F573-B847-8EDA-881E55CEF949" otype="FKIndexAssociation" vid_source="E9A88F75-2930-AFF4-36AE-E9E6207200EE" vid_target="CEBE4AA2-75E9-45A9-79B7-FBD45A754221">
<hideElementsInCurrentOnly>false</hideElementsInCurrentOnly>
<backgroundColor>-16777216</backgroundColor>
<lineWidth>1</lineWidth>
<points>
<point x="848" y="551"/>
<point x="899" y="551"/>
</points>
</Connector>
<Connector class="oracle.dbtools.crest.swingui.relational.TVFKRelation" oid="8F0A0207-F95F-C4FF-5DC3-0FCC7BCB0C73" otype="FKIndexAssociation" vid_source="E9A88F75-2930-AFF4-36AE-E9E6207200EE" vid_target="B88D8C78-EF31-2CAE-9E93-945B89C04C9E">
<hideElementsInCurrentOnly>false</hideElementsInCurrentOnly>
<backgroundColor>-16777216</backgroundColor>
<lineWidth>1</lineWidth>
<points>
<point x="620" y="483"/>
<point x="620" y="466"/>
</points>
</Connector>
<Connector class="oracle.dbtools.crest.swingui.relational.TVFKRelation" oid="9586B743-6EB6-62D8-8DFB-B5BBA2EA4C59" otype="FKIndexAssociation" vid_source="AA5680CD-CC3C-9D7D-B490-92AFF288BD3D" vid_target="545F3CEF-C28B-5186-BDB1-0AB2ACAE772E">
<hideElementsInCurrentOnly>false</hideElementsInCurrentOnly>
<backgroundColor>-16777216</backgroundColor>
<lineWidth>1</lineWidth>
<points>
<point x="135" y="618"/>
<point x="135" y="224"/>
<point x="231" y="224"/>
</points>
</Connector>
<Connector class="oracle.dbtools.crest.swingui.relational.TVFKRelation" oid="9B2D51D9-A37E-8D12-7893-15D816A30EB3" otype="FKIndexAssociation" vid_source="AA5680CD-CC3C-9D7D-B490-92AFF288BD3D" vid_target="7F357E4E-228D-AFFD-886C-650CE80DFE4E">
<hideElementsInCurrentOnly>false</hideElementsInCurrentOnly>
<backgroundColor>-16777216</backgroundColor>
<lineWidth>1</lineWidth>
<points>
<point x="131" y="766"/>
<point x="131" y="992"/>
<point x="330" y="992"/>
</points>
</Connector>
<Connector class="oracle.dbtools.crest.swingui.relational.TVFKRelation" oid="9D94CB65-DF66-0A82-027E-5BC2C04851C8" otype="FKIndexAssociation" vid_source="45EFD499-55BF-61BB-F8EC-C72002A16D49" vid_target="DDB94A91-92FC-1AD6-D0FF-C2E52411441D">
<hideElementsInCurrentOnly>false</hideElementsInCurrentOnly>
<backgroundColor>-16777216</backgroundColor>
<lineWidth>1</lineWidth>
<points>
<point x="1156" y="742"/>
<point x="1070" y="742"/>
</points>
</Connector>
<Connector class="oracle.dbtools.crest.swingui.relational.TVFKRelation" oid="B5A203CB-BC74-273B-066C-100F2237343D" otype="FKIndexAssociation" vid_source="A3D6FE18-2A32-E07F-31F6-B73B4B9C468D" vid_target="AC0D7996-4CCC-4FBF-837F-0F30CE7FA1D3">
<hideElementsInCurrentOnly>false</hideElementsInCurrentOnly>
<backgroundColor>-16777216</backgroundColor>
<lineWidth>1</lineWidth>
<points>
<point x="810" y="219"/>
<point x="959" y="219"/>
</points>
</Connector>
<Connector class="oracle.dbtools.crest.swingui.relational.TVFKRelation" oid="DAF3AE1F-E160-4A9F-2D16-D1C007D42A00" otype="FKIndexAssociation" vid_source="E9A88F75-2930-AFF4-36AE-E9E6207200EE" vid_target="BBB19717-4396-2CA2-FD42-7FAC5A7FE890">
<hideElementsInCurrentOnly>false</hideElementsInCurrentOnly>
<backgroundColor>-16777216</backgroundColor>
<lineWidth>1</lineWidth>
<points>
<point x="772" y="483"/>
<point x="772" y="462"/>
</points>
</Connector>
</connectors>
</Diagram>