<?xml version = '1.0' encoding = 'UTF-8'?>
<FKIndexAssociation class="oracle.dbtools.crest.model.design.relational.FKIndexAssociation" directorySegmentName="seg_0" id="1566EB17-33F8-2E60-4061-9D4C796E3C10" containerWithKeyObject="B824DBF5-6583-ADA6-AEC8-D995ED637714" localFKIndex="F40CCC30-D86D-8BBD-9064-B6D89B5C1852" name="Relation_6">
<createdBy>root</createdBy>
<createdTime>2024-09-15 03:05:31 UTC</createdTime>
<generatorID>9383B612-C649-1386-D28F-E78A2078E23D</generatorID>
<ownerDesignName>Modelo</ownerDesignName>
<referredTableLongName>Trabajador</referredTableLongName>
<deleteRule>NO ACTION</deleteRule>
<referredTableID>20CAF525-2D6A-2960-A4D7-017A09E19E39</referredTableID>
<keyObject>E40BCEE9-0369-1924-9B72-6BE961D663DC</keyObject>
<referredKeyID>E40BCEE9-0369-1924-9B72-6BE961D663DC</referredKeyID>
<mandatory>true</mandatory>
<refColNames>id_trabajador</refColNames>
<transferable>true</transferable>
<rely>false</rely>
<columnDependencyConstraintGenerateInDDL>true</columnDependencyConstraintGenerateInDDL>
</FKIndexAssociation>