<?xml version = '1.0' encoding = 'UTF-8'?>
<FKIndexAssociation class="oracle.dbtools.crest.model.design.relational.FKIndexAssociation" directorySegmentName="seg_0" id="2550A0BB-C67F-51DE-E33E-48BB85242A35" containerWithKeyObject="B824DBF5-6583-ADA6-AEC8-D995ED637714" localFKIndex="AD2FCE15-D6E0-5380-D41E-9BED5FAE11DD" name="Relation_5">
<createdBy>root</createdBy>
<createdTime>2024-09-15 03:05:31 UTC</createdTime>
<generatorID>9EE5B055-8FF1-86F6-614B-66C062F612D9</generatorID>
<ownerDesignName>Modelo</ownerDesignName>
<referredTableLongName>notificacion</referredTableLongName>
<deleteRule>NO ACTION</deleteRule>
<referredTableID>67F47232-8A89-3B79-F968-A11B4D3A4E46</referredTableID>
<keyObject>E35B446D-FAD4-3D52-E437-F9534843D6B9</keyObject>
<referredKeyID>E35B446D-FAD4-3D52-E437-F9534843D6B9</referredKeyID>
<mandatory>true</mandatory>
<refColNames>id_notificacion</refColNames>
<transferable>true</transferable>
<rely>false</rely>
<columnDependencyConstraintGenerateInDDL>true</columnDependencyConstraintGenerateInDDL>
</FKIndexAssociation>