<?xml version = '1.0' encoding = 'UTF-8'?>
<FKIndexAssociation class="oracle.dbtools.crest.model.design.relational.FKIndexAssociation" directorySegmentName="seg_0" id="2BE8DE56-59BD-4BF5-A147-7B3E49F056AD" containerWithKeyObject="A50C2578-1F13-76E5-4427-7C62DFA7259C" localFKIndex="F03B06DC-CC8F-2308-43DC-3CBB00B2D34F" name="Relation_4">
<createdBy>root</createdBy>
<createdTime>2024-09-15 03:05:31 UTC</createdTime>
<generatorID>AFA17E99-E63E-6EC1-772E-48F5861AC11B</generatorID>
<ownerDesignName>Modelo</ownerDesignName>
<referredTableLongName>proceso</referredTableLongName>
<deleteRule>NO ACTION</deleteRule>
<referredTableID>B824DBF5-6583-ADA6-AEC8-D995ED637714</referredTableID>
<keyObject>F0562443-DBC3-D0C9-B6A5-ABDD5759E3FC</keyObject>
<referredKeyID>F0562443-DBC3-D0C9-B6A5-ABDD5759E3FC</referredKeyID>
<mandatory>true</mandatory>
<refColNames>id_proceso</refColNames>
<transferable>true</transferable>
<rely>false</rely>
<columnDependencyConstraintGenerateInDDL>true</columnDependencyConstraintGenerateInDDL>
</FKIndexAssociation>