<?xml version = '1.0' encoding = 'UTF-8'?>
<FKIndexAssociation class="oracle.dbtools.crest.model.design.relational.FKIndexAssociation" directorySegmentName="seg_0" id="394FFB04-0124-389F-1DD9-78109B50883D" containerWithKeyObject="386D46D3-6AFD-CC7A-462B-BB1196B94B39" localFKIndex="57EAB575-ABB3-32D1-069E-A000DE03C6AA" name="Relation_1">
<createdBy>root</createdBy>
<createdTime>2024-09-15 03:05:31 UTC</createdTime>
<generatorID>4F8CA9E4-F507-7797-D331-0F1D63E540D7</generatorID>
<ownerDesignName>Modelo</ownerDesignName>
<referredTableLongName>Dueño</referredTableLongName>
<deleteRule>NO ACTION</deleteRule>
<referredTableID>D5933856-6B6A-36A8-A159-64CB4E1EE09F</referredTableID>
<keyObject>D97D3690-55C1-1DE3-9D7B-9B800D88DB06</keyObject>
<referredKeyID>D97D3690-55C1-1DE3-9D7B-9B800D88DB06</referredKeyID>
<mandatory>true</mandatory>
<refColNames>id_dueño</refColNames>
<transferable>true</transferable>
<rely>false</rely>
<columnDependencyConstraintGenerateInDDL>true</columnDependencyConstraintGenerateInDDL>
</FKIndexAssociation>