<?xml version = '1.0' encoding = 'UTF-8'?>
<FKIndexAssociation class="oracle.dbtools.crest.model.design.relational.FKIndexAssociation" directorySegmentName="seg_0" id="4D05F403-402F-8446-BEB4-80A6676629D7" containerWithKeyObject="80334DC9-BF8D-91AB-9C76-ED7B709A944A" localFKIndex="1EF36FEA-D9D6-197A-7CA6-517FB4859CEB" name="Relation_8_pago_FK">
<createdBy>root</createdBy>
<createdTime>2024-09-15 03:05:31 UTC</createdTime>
<generatorID>30B3A036-2CCE-0925-00B3-69841861AAE2</generatorID>
<ownerDesignName>Modelo</ownerDesignName>
<referredTableLongName>pago</referredTableLongName>
<deleteRule>NO ACTION</deleteRule>
<referredTableID>514B0C4A-00BB-BCA5-CC07-111B52E1DD96</referredTableID>
<keyObject>FDACAABA-A15C-797F-6C8D-8FC3C14D361C</keyObject>
<referredKeyID>FDACAABA-A15C-797F-6C8D-8FC3C14D361C</referredKeyID>
<mandatory>true</mandatory>
<refColNames>id_pago</refColNames>
<transferable>true</transferable>
<rely>false</rely>
<columnDependencyConstraintGenerateInDDL>true</columnDependencyConstraintGenerateInDDL>
</FKIndexAssociation>