<?xml version = '1.0' encoding = 'UTF-8'?>
<FKIndexAssociation class="oracle.dbtools.crest.model.design.relational.FKIndexAssociation" directorySegmentName="seg_0" id="6EDEA23A-70D5-EE09-DE04-38B484801CF2" containerWithKeyObject="80334DC9-BF8D-91AB-9C76-ED7B709A944A" localFKIndex="AE3D82F5-481E-BD35-EEA2-6B4DD589F506" name="Relation_8_Reparacion_FK">
<createdBy>root</createdBy>
<createdTime>2024-09-15 03:05:31 UTC</createdTime>
<generatorID>30B3A036-2CCE-0925-00B3-69841861AAE2</generatorID>
<ownerDesignName>Modelo</ownerDesignName>
<referredTableLongName>Reparacion</referredTableLongName>
<deleteRule>NO ACTION</deleteRule>
<referredTableID>A50C2578-1F13-76E5-4427-7C62DFA7259C</referredTableID>
<keyObject>87339778-74CE-A79D-5A36-4B01674D9664</keyObject>
<referredKeyID>87339778-74CE-A79D-5A36-4B01674D9664</referredKeyID>
<mandatory>true</mandatory>
<refColNames>id_reparacion</refColNames>
<transferable>true</transferable>
<rely>false</rely>
<columnDependencyConstraintGenerateInDDL>true</columnDependencyConstraintGenerateInDDL>
</FKIndexAssociation>