<?xml version = '1.0' encoding = 'UTF-8'?>
<FKIndexAssociation class="oracle.dbtools.crest.model.design.relational.FKIndexAssociation" directorySegmentName="seg_0" id="6FE1CE18-DB14-19EB-FFBE-342F1608A5EB" containerWithKeyObject="4937692F-FF7D-CFB2-6DF9-591E2818C631" localFKIndex="EF19C1AF-1171-A9F9-9EDC-AAD00625E9EC" name="Relation_7">
<createdBy>root</createdBy>
<createdTime>2024-09-15 03:05:31 UTC</createdTime>
<generatorID>5B2AFD83-9B45-48E7-1B29-80A2609B3A4C</generatorID>
<ownerDesignName>Modelo</ownerDesignName>
<referredTableLongName>Vehiculo</referredTableLongName>
<deleteRule>NO ACTION</deleteRule>
<referredTableID>386D46D3-6AFD-CC7A-462B-BB1196B94B39</referredTableID>
<keyObject>61AB08FD-9135-577F-1AE2-1F2BB9EB67AF</keyObject>
<referredKeyID>61AB08FD-9135-577F-1AE2-1F2BB9EB67AF</referredKeyID>
<mandatory>true</mandatory>
<refColNames>id_vehiculo</refColNames>
<transferable>true</transferable>
<rely>false</rely>
<columnDependencyConstraintGenerateInDDL>true</columnDependencyConstraintGenerateInDDL>
</FKIndexAssociation>