<?xml version = '1.0' encoding = 'UTF-8'?>
<FKIndexAssociation class="oracle.dbtools.crest.model.design.relational.FKIndexAssociation" directorySegmentName="seg_0" id="C581BE07-1ADB-7E3E-9AA0-B462FB704BCB" containerWithKeyObject="386D46D3-6AFD-CC7A-462B-BB1196B94B39" localFKIndex="A2EB6C50-0181-DB0B-6A19-6D74A29E56A4" name="Relation_2">
<createdBy>root</createdBy>
<createdTime>2024-09-15 03:05:31 UTC</createdTime>
<generatorID>44EAB61F-9A8A-1448-A42D-13333393DFF6</generatorID>
<ownerDesignName>Modelo</ownerDesignName>
<referredTableLongName>Reparacion</referredTableLongName>
<deleteRule>NO ACTION</deleteRule>
<referredTableID>A50C2578-1F13-76E5-4427-7C62DFA7259C</referredTableID>
<keyObject>87339778-74CE-A79D-5A36-4B01674D9664</keyObject>
<referredKeyID>87339778-74CE-A79D-5A36-4B01674D9664</referredKeyID>
<mandatory>true</mandatory>
<refColNames>id_reparacion</refColNames>
<transferable>true</transferable>
<rely>false</rely>
<columnDependencyConstraintGenerateInDDL>true</columnDependencyConstraintGenerateInDDL>
</FKIndexAssociation>