<?xml version = '1.0' encoding = 'UTF-8'?>
<FKIndexAssociation class="oracle.dbtools.crest.model.design.relational.FKIndexAssociation" directorySegmentName="seg_0" id="D80E5AA1-6224-DA9C-D24C-D0265D5DF505" containerWithKeyObject="3424EF2F-B2D6-E843-81B2-D50F6D147EAD" localFKIndex="68A7BE3D-A316-9747-4358-5DE2E2A0A961" name="Relation_9">
<createdBy>root</createdBy>
<createdTime>2024-09-15 03:05:31 UTC</createdTime>
<generatorID>67DA5D2B-7C8E-BC67-CB14-B945EE6FD2F7</generatorID>
<ownerDesignName>Modelo</ownerDesignName>
<referredTableLongName>Reparacion</referredTableLongName>
<deleteRule>NO ACTION</deleteRule>
<referredTableID>A50C2578-1F13-76E5-4427-7C62DFA7259C</referredTableID>
<keyObject>87339778-74CE-A79D-5A36-4B01674D9664</keyObject>
<referredKeyID>87339778-74CE-A79D-5A36-4B01674D9664</referredKeyID>
<mandatory>true</mandatory>
<refColNames>id_reparacion</refColNames>
<transferable>true</transferable>
<rely>false</rely>
<columnDependencyConstraintGenerateInDDL>true</columnDependencyConstraintGenerateInDDL>
</FKIndexAssociation>