<?xml version = '1.0' encoding = 'UTF-8'?>
<Diagram class="oracle.dbtools.crest.swingui.relational.DPVRelational" name="Relational_1" id="F16181E5-C501-045B-13C2-4CECDC210798">
<createdBy>root</createdBy>
<modifiedBy>root</modifiedBy>
<createdTime>2024-10-10 21:44:24 UTC</createdTime>
<autoRoute>false</autoRoute>
<boxInbox>true</boxInbox>
<showLegend>false</showLegend>
<showLabels>false</showLabels>
<showRelAttributes>false</showRelAttributes>
<gridEnabled>false</gridEnabled>
<showGrid>false</showGrid>
<diagramColor>-1</diagramColor>
<display>false</display>
<notation>1</notation>
<objectViews>
<OView class="oracle.dbtools.crest.swingui.relational.TVTable" oid="04613997-EA7B-6C60-31BA-427CFE87435C" otype="Table" vid="DEF9AA2F-0323-ACE4-DE9B-40D909E4960F">
<hideElementsInCurrentOnly>false</hideElementsInCurrentOnly>
<bounds x="860" y="367" width="169" height="163"/>
</OView>
<OView class="oracle.dbtools.crest.swingui.relational.TVTable" oid="22A39177-199C-F721-EBE4-90CAD68130EF" otype="Table" vid="327803F3-A723-7F71-FF91-7C4CCCAD1642">
<hideElementsInCurrentOnly>false</hideElementsInCurrentOnly>
<bounds x="839" y="618" width="252" height="134"/>
</OView>
<OView class="oracle.dbtools.crest.swingui.relational.TVTable" oid="2872D887-D37C-9C34-B3A8-696986C6652E" otype="Table" vid="4E020694-E9A6-5902-A123-2D804F301B05">
<hideElementsInCurrentOnly>false</hideElementsInCurrentOnly>
<bounds x="165" y="148" width="247" height="155"/>
</OView>
<OView class="oracle.dbtools.crest.swingui.relational.TVTable" oid="307F763E-E432-246E-6A2B-8954E3AF9CA1" otype="Table" vid="13A1D8D5-689B-4424-9665-0455D910057C">
<hideElementsInCurrentOnly>false</hideElementsInCurrentOnly>
<bounds x="504" y="149" width="199" height="169"/>
</OView>
<OView class="oracle.dbtools.crest.swingui.relational.TVTable" oid="45FDE9EC-FFD5-7DA7-1A1D-3EDFE364E573" otype="Table" vid="8152DF5D-0722-A469-B0A2-37E1C858B046">
<hideElementsInCurrentOnly>false</hideElementsInCurrentOnly>
<bounds x="171" y="359" width="243" height="132"/>
</OView>
<OView class="oracle.dbtools.crest.swingui.relational.TVTable" oid="577FFBAF-A679-562B-B280-71233AAC6F61" otype="Table" vid="20B392A1-4742-337E-6365-12308B5E605C">
<hideElementsInCurrentOnly>false</hideElementsInCurrentOnly>
<bounds x="17" y="304" width="170" height="110"/>
</OView>
<OView class="oracle.dbtools.crest.swingui.relational.TVTable" oid="63D87087-1A03-4ACF-8B5B-9621346A08EF" otype="Table" vid="3B6C04E6-06D5-DB61-511A-E62836E2A66B">
<hideElementsInCurrentOnly>false</hideElementsInCurrentOnly>
<bounds x="489" y="414" width="229" height="235"/>
</OView>
<OView class="oracle.dbtools.crest.swingui.relational.TVTable" oid="7FB35A8A-96F7-34EA-173D-02D826120976" otype="Table" vid="EF2EFD31-CC10-40FF-7DA2-CF09B5666392">
<hideElementsInCurrentOnly>false</hideElementsInCurrentOnly>
<bounds x="167" y="531" width="243" height="172"/>
</OView>
<OView class="oracle.dbtools.crest.swingui.relational.TVTable" oid="9EDB6C16-B1A5-25A1-ED24-732E8FD06AC1" otype="Table" vid="642636C6-1811-6F38-C0F4-9314B457D541">
<hideElementsInCurrentOnly>false</hideElementsInCurrentOnly>
<bounds x="857" y="156" width="212" height="147"/>
</OView>
<OView class="oracle.dbtools.crest.swingui.relational.TVTable" oid="CF24858A-0E5D-2606-5D5D-A21CFC4BD272" otype="Table" vid="2BB8F59A-E3BC-CF64-A3B8-F7219C416CC8">
<hideElementsInCurrentOnly>false</hideElementsInCurrentOnly>
<bounds x="28" y="481" width="170" height="110"/>
</OView>
<OView class="oracle.dbtools.crest.swingui.relational.TVTable" oid="CF331D50-BE08-2C53-83A5-ADA617BA36A3" otype="Table" vid="3404CD34-B9E4-0165-3C89-D580CD107170">
<hideElementsInCurrentOnly>false</hideElementsInCurrentOnly>
<bounds x="805" y="742" width="170" height="110"/>
</OView>
<OView class="oracle.dbtools.crest.swingui.relational.TVTable" oid="DC7E570D-B7F4-468F-0087-F36195DD170F" otype="Table" vid="47907640-6EC0-AD32-2183-DF605754BEE6">
<hideElementsInCurrentOnly>false</hideElementsInCurrentOnly>
<bounds x="441" y="716" width="222" height="141"/>
</OView>
<OView class="oracle.dbtools.crest.swingui.relational.TVTable" oid="F11A10C3-4ACA-4D8A-ADCC-4691C56D6A5D" otype="Table" vid="7B4979B6-3CFA-3C6E-CA62-E843B36D5031">
<hideElementsInCurrentOnly>false</hideElementsInCurrentOnly>
<bounds x="733" y="35" width="170" height="110"/>
</OView>
</objectViews>
<connectors>
<Connector class="oracle.dbtools.crest.swingui.relational.TVFKRelation" oid="0A97D215-AED4-994C-9877-B32178038651" otype="FKIndexAssociation" vid_source="DEF9AA2F-0323-ACE4-DE9B-40D909E4960F" vid_target="3404CD34-B9E4-0165-3C89-D580CD107170">
<hideElementsInCurrentOnly>false</hideElementsInCurrentOnly>
<backgroundColor>-16777216</backgroundColor>
<lineWidth>1</lineWidth>
<points>
<point x="917" y="530"/>
<point x="917" y="742"/>
</points>
</Connector>
<Connector class="oracle.dbtools.crest.swingui.relational.TVFKRelation" oid="101EEC75-1068-E00B-577A-A39E6F1F0D91" otype="FKIndexAssociation" vid_source="47907640-6EC0-AD32-2183-DF605754BEE6" vid_target="7B4979B6-3CFA-3C6E-CA62-E843B36D5031">
<hideElementsInCurrentOnly>false</hideElementsInCurrentOnly>
<backgroundColor>-16777216</backgroundColor>
<lineWidth>1</lineWidth>
<points>
<point x="578" y="716"/>
<point x="811" y="145"/>
</points>
</Connector>
<Connector class="oracle.dbtools.crest.swingui.relational.TVFKRelation" oid="1340905D-FCCF-5E45-D45D-6D1F6C474720" otype="FKIndexAssociation" vid_source="3B6C04E6-06D5-DB61-511A-E62836E2A66B" vid_target="2BB8F59A-E3BC-CF64-A3B8-F7219C416CC8">
<hideElementsInCurrentOnly>false</hideElementsInCurrentOnly>
<backgroundColor>-16777216</backgroundColor>
<lineWidth>1</lineWidth>
<points>
<point x="489" y="536"/>
<point x="198" y="536"/>
</points>
</Connector>
<Connector class="oracle.dbtools.crest.swingui.relational.TVFKRelation" oid="26F37A3E-3DB1-A71C-5B50-806D94CD2709" otype="FKIndexAssociation" vid_source="8152DF5D-0722-A469-B0A2-37E1C858B046" vid_target="3B6C04E6-06D5-DB61-511A-E62836E2A66B">
<hideElementsInCurrentOnly>false</hideElementsInCurrentOnly>
<backgroundColor>-16777216</backgroundColor>
<lineWidth>1</lineWidth>
<points>
<point x="414" y="467"/>
<point x="489" y="467"/>
</points>
</Connector>
<Connector class="oracle.dbtools.crest.swingui.relational.TVFKRelation" oid="28FD62B3-90C5-CCC7-3572-3B0AEBABDFFF" otype="FKIndexAssociation" vid_source="13A1D8D5-689B-4424-9665-0455D910057C" vid_target="4E020694-E9A6-5902-A123-2D804F301B05">
<hideElementsInCurrentOnly>false</hideElementsInCurrentOnly>
<backgroundColor>-16777216</backgroundColor>
<lineWidth>1</lineWidth>
<points>
<point x="504" y="241"/>
<point x="412" y="241"/>
</points>
</Connector>
<Connector class="oracle.dbtools.crest.swingui.relational.TVFKRelation" oid="2D34F2A5-1070-8D68-2F14-0FD47FED3979" otype="FKIndexAssociation" vid_source="642636C6-1811-6F38-C0F4-9314B457D541" vid_target="13A1D8D5-689B-4424-9665-0455D910057C">
<hideElementsInCurrentOnly>false</hideElementsInCurrentOnly>
<backgroundColor>-16777216</backgroundColor>
<lineWidth>1</lineWidth>
<points>
<point x="857" y="229"/>
<point x="703" y="229"/>
</points>
</Connector>
<Connector class="oracle.dbtools.crest.swingui.relational.TVFKRelation" oid="384EF0E1-0EE9-886E-16C6-818C87D03F44" otype="FKIndexAssociation" vid_source="327803F3-A723-7F71-FF91-7C4CCCAD1642" vid_target="2BB8F59A-E3BC-CF64-A3B8-F7219C416CC8">
<hideElementsInCurrentOnly>false</hideElementsInCurrentOnly>
<backgroundColor>-16777216</backgroundColor>
<lineWidth>1</lineWidth>
<points>
<point x="839" y="662"/>
<point x="198" y="550"/>
</points>
</Connector>
<Connector class="oracle.dbtools.crest.swingui.relational.TVFKRelation" oid="4223BD20-A11D-798F-C6D1-C9AA48F1BF7A" otype="FKIndexAssociation" vid_source="EF2EFD31-CC10-40FF-7DA2-CF09B5666392" vid_target="3B6C04E6-06D5-DB61-511A-E62836E2A66B">
<hideElementsInCurrentOnly>false</hideElementsInCurrentOnly>
<backgroundColor>-16777216</backgroundColor>
<lineWidth>1</lineWidth>
<points>
<point x="410" y="590"/>
<point x="489" y="590"/>
</points>
</Connector>
<Connector class="oracle.dbtools.crest.swingui.relational.TVFKRelation" oid="953544D1-9FF3-257B-5D4F-F131BD89DC2D" otype="FKIndexAssociation" vid_source="3B6C04E6-06D5-DB61-511A-E62836E2A66B" vid_target="3404CD34-B9E4-0165-3C89-D580CD107170">
<hideElementsInCurrentOnly>false</hideElementsInCurrentOnly>
<backgroundColor>-16777216</backgroundColor>
<lineWidth>1</lineWidth>
<points>
<point x="718" y="637"/>
<point x="830" y="742"/>
</points>
</Connector>
<Connector class="oracle.dbtools.crest.swingui.relational.TVFKRelation" oid="9FB586FB-172C-25E9-896E-553418115803" otype="FKIndexAssociation" vid_source="642636C6-1811-6F38-C0F4-9314B457D541" vid_target="DEF9AA2F-0323-ACE4-DE9B-40D909E4960F">
<hideElementsInCurrentOnly>false</hideElementsInCurrentOnly>
<backgroundColor>-16777216</backgroundColor>
<lineWidth>1</lineWidth>
<points>
<point x="944" y="303"/>
<point x="944" y="367"/>
</points>
</Connector>
<Connector class="oracle.dbtools.crest.swingui.relational.TVFKRelation" oid="A01257AE-C528-7F45-0E2A-4444833B6A59" otype="FKIndexAssociation" vid_source="327803F3-A723-7F71-FF91-7C4CCCAD1642" vid_target="DEF9AA2F-0323-ACE4-DE9B-40D909E4960F">
<hideElementsInCurrentOnly>false</hideElementsInCurrentOnly>
<backgroundColor>-16777216</backgroundColor>
<lineWidth>1</lineWidth>
<points>
<point x="944" y="618"/>
<point x="944" y="530"/>
</points>
</Connector>
<Connector class="oracle.dbtools.crest.swingui.relational.TVFKRelation" oid="C01833B7-4068-0B8B-2404-A0C2A92FB400" otype="FKIndexAssociation" vid_source="3B6C04E6-06D5-DB61-511A-E62836E2A66B" vid_target="20B392A1-4742-337E-6365-12308B5E605C">
<hideElementsInCurrentOnly>false</hideElementsInCurrentOnly>
<backgroundColor>-16777216</backgroundColor>
<lineWidth>1</lineWidth>
<points>
<point x="489" y="414"/>
<point x="187" y="414"/>
</points>
</Connector>
<Connector class="oracle.dbtools.crest.swingui.relational.TVFKRelation" oid="D87269BB-5BE0-19E8-98EC-AB68FFDF641C" otype="FKIndexAssociation" vid_source="13A1D8D5-689B-4424-9665-0455D910057C" vid_target="20B392A1-4742-337E-6365-12308B5E605C">
<hideElementsInCurrentOnly>false</hideElementsInCurrentOnly>
<backgroundColor>-16777216</backgroundColor>
<lineWidth>1</lineWidth>
<points>
<point x="504" y="311"/>
<point x="187" y="311"/>
</points>
</Connector>
<Connector class="oracle.dbtools.crest.swingui.relational.TVFKRelation" oid="ED49E0F0-CBC8-9DE2-9246-B1B4CF8EB331" otype="FKIndexAssociation" vid_source="3B6C04E6-06D5-DB61-511A-E62836E2A66B" vid_target="7B4979B6-3CFA-3C6E-CA62-E843B36D5031">
<hideElementsInCurrentOnly>false</hideElementsInCurrentOnly>
<backgroundColor>-16777216</backgroundColor>
<lineWidth>1</lineWidth>
<points>
<point x="660" y="414"/>
<point x="791" y="145"/>
</points>
</Connector>
</connectors>
</Diagram>