<?xml version = '1.0' encoding = 'UTF-8'?>
<Table class="oracle.dbtools.crest.model.design.relational.Table" directorySegmentName="seg_0" id="577FFBAF-A679-562B-B280-71233AAC6F61" name="Relation_13">
<createdBy>root</createdBy>
<createdTime>2024-10-10 22:59:17 UTC</createdTime>
<ownerDesignName>Modelo</ownerDesignName>
<allowColumnReorder>false</allowColumnReorder>
<existDependencyGenerateInDDl>true</existDependencyGenerateInDDl>
<parsed>true</parsed>
<columns itemClass="oracle.dbtools.crest.model.design.relational.Column">
<Column name="Vehiculo_id_vehiculo" id="49DDBBFB-19CA-E94D-7896-AFCD80D1DA6D">
<createdBy>root</createdBy>
<createdTime>2024-10-10 22:59:17 UTC</createdTime>
<ownerDesignName>Modelo</ownerDesignName>
<useDomainConstraints>false</useDomainConstraints>
<use>1</use>
<logicalDatatype>LOGDT019</logicalDatatype>
<dataTypePrecision>10</dataTypePrecision>
<ownDataTypeParameters>,,</ownDataTypeParameters>
<previousColumn>false</previousColumn>
<autoIncrementCycle>false</autoIncrementCycle>
<associations>
<colAssociation fkAssociation="D87269BB-5BE0-19E8-98EC-AB68FFDF641C" referredColumn="05E4EE00-9C69-761D-D586-40DA2F53D02C"/>
</associations>
</Column>
<Column name="proceso_id_proceso" id="40D9187B-30A0-F3F7-91F4-60F1EA1C33F6">
<createdBy>root</createdBy>
<createdTime>2024-10-10 22:59:17 UTC</createdTime>
<ownerDesignName>Modelo</ownerDesignName>
<useDomainConstraints>false</useDomainConstraints>
<use>1</use>
<logicalDatatype>LOGDT019</logicalDatatype>
<dataTypePrecision>10</dataTypePrecision>
<ownDataTypeParameters>,,</ownDataTypeParameters>
<previousColumn>false</previousColumn>
<autoIncrementCycle>false</autoIncrementCycle>
<associations>
<colAssociation fkAssociation="C01833B7-4068-0B8B-2404-A0C2A92FB400" referredColumn="50BAD414-45AE-70FC-58CA-1FC191916254"/>
</associations>
</Column>
</columns>
<indexes itemClass="oracle.dbtools.crest.model.design.relational.Index">
<ind_PK_UK id="42D121D9-60F4-7CF7-B2CC-35548C358E78" name="Relation_13_PK">
<createdBy>root</createdBy>
<createdTime>2024-10-10 22:59:17 UTC</createdTime>
<ownerDesignName>Modelo</ownerDesignName>
<pk>true</pk>
<indexState>Primary Constraint</indexState>
<isSurrogateKey>false</isSurrogateKey>
<indexColumnUsage>
<colUsage columnID="49DDBBFB-19CA-E94D-7896-AFCD80D1DA6D"/>
<colUsage columnID="40D9187B-30A0-F3F7-91F4-60F1EA1C33F6"/>
</indexColumnUsage>
</ind_PK_UK>
<ind_PK_UK id="C3FFD2A9-D924-0835-8020-1130837FC1A3" name="Relation_13_Vehiculo_FK">
<createdBy>root</createdBy>
<createdTime>2024-10-10 22:59:17 UTC</createdTime>
<generatorID>1D49B1A4-6DAA-A28D-3B28-7BDA5201062D</generatorID>
<ownerDesignName>Modelo</ownerDesignName>
<indexState>Foreign Key</indexState>
<isSurrogateKey>false</isSurrogateKey>
<indexColumnUsage>
<colUsage columnID="49DDBBFB-19CA-E94D-7896-AFCD80D1DA6D"/>
</indexColumnUsage>
</ind_PK_UK>
<ind_PK_UK id="903E2A59-FA9D-FA83-905D-67129BFB2A51" name="Relation_13_proceso_FK">
<createdBy>root</createdBy>
<createdTime>2024-10-10 22:59:17 UTC</createdTime>
<generatorID>1D49B1A4-6DAA-A28D-3B28-7BDA5201062D</generatorID>
<ownerDesignName>Modelo</ownerDesignName>
<indexState>Foreign Key</indexState>
<isSurrogateKey>false</isSurrogateKey>
<indexColumnUsage>
<colUsage columnID="40D9187B-30A0-F3F7-91F4-60F1EA1C33F6"/>
</indexColumnUsage>
</ind_PK_UK>
</indexes>
</Table>