<?xml version = '1.0' encoding = 'UTF-8'?>
<Table class="oracle.dbtools.crest.model.design.relational.Table" directorySegmentName="seg_0" id="7FB35A8A-96F7-34EA-173D-02D826120976" name="Trabajador">
<createdBy>root</createdBy>
<createdTime>2024-10-10 22:59:17 UTC</createdTime>
<generatorID>DC9870FE-5E12-18CB-F4F5-331FA4AA647A</generatorID>
<ownerDesignName>Modelo</ownerDesignName>
<allowColumnReorder>false</allowColumnReorder>
<existDependencyGenerateInDDl>true</existDependencyGenerateInDDl>
<parsed>true</parsed>
<columns itemClass="oracle.dbtools.crest.model.design.relational.Column">
<Column name="id_trabajador" id="C4C98387-7D13-BA88-6E17-226D478E99CD">
<createdBy>root</createdBy>
<createdTime>2024-10-10 22:59:17 UTC</createdTime>
<generatorID>FA918E5E-5D80-A624-D816-8C38B3C9186C</generatorID>
<ownerDesignName>Modelo</ownerDesignName>
<useDomainConstraints>false</useDomainConstraints>
<use>1</use>
<logicalDatatype>LOGDT019</logicalDatatype>
<dataTypePrecision>10</dataTypePrecision>
<ownDataTypeParameters>,10,</ownDataTypeParameters>
<autoIncrementCycle>false</autoIncrementCycle>
</Column>
<Column name="rut" id="3B1FAFB5-CE52-415C-84A3-46189DAA48B2">
<createdBy>root</createdBy>
<createdTime>2024-10-10 22:59:17 UTC</createdTime>
<generatorID>47595E3F-6E66-0251-B070-516B592F6236</generatorID>
<ownerDesignName>Modelo</ownerDesignName>
<useDomainConstraints>false</useDomainConstraints>
<use>1</use>
<logicalDatatype>LOGDT024</logicalDatatype>
<dataTypeSize>12</dataTypeSize>
<ownDataTypeParameters>12,,</ownDataTypeParameters>
<autoIncrementCycle>false</autoIncrementCycle>
</Column>
<Column name="nombre" id="B479D6EF-ED08-E8A9-2299-61DAAD8116FB">
<createdBy>root</createdBy>
<createdTime>2024-10-10 22:59:17 UTC</createdTime>
<generatorID>9E736928-E490-5F4D-8F93-DC3AA3DFA9B7</generatorID>
<ownerDesignName>Modelo</ownerDesignName>
<useDomainConstraints>false</useDomainConstraints>
<use>1</use>
<logicalDatatype>LOGDT024</logicalDatatype>
<dataTypeSize>20</dataTypeSize>
<ownDataTypeParameters>20,,</ownDataTypeParameters>
<autoIncrementCycle>false</autoIncrementCycle>
</Column>
<Column name="apellido" id="5954215F-CBFF-A63C-0590-96D9D902BE78">
<createdBy>root</createdBy>
<createdTime>2024-10-10 22:59:17 UTC</createdTime>
<generatorID>1A8B7D1D-4653-5B27-750F-1DCAF21EE56D</generatorID>
<ownerDesignName>Modelo</ownerDesignName>
<useDomainConstraints>false</useDomainConstraints>
<use>1</use>
<logicalDatatype>LOGDT024</logicalDatatype>
<dataTypeSize>20</dataTypeSize>
<ownDataTypeParameters>20,,</ownDataTypeParameters>
<autoIncrementCycle>false</autoIncrementCycle>
</Column>
<Column name="asignacion" id="3125F3A0-4A1D-A405-0C3F-E01475513DEF">
<createdBy>root</createdBy>
<createdTime>2024-10-10 22:59:17 UTC</createdTime>
<generatorID>95D42B6F-27A8-F7FF-C19B-FDDF9194DA1E</generatorID>
<ownerDesignName>Modelo</ownerDesignName>
<useDomainConstraints>false</useDomainConstraints>
<use>1</use>
<logicalDatatype>LOGDT024</logicalDatatype>
<dataTypeSize>20</dataTypeSize>
<ownDataTypeParameters>20,,</ownDataTypeParameters>
<autoIncrementCycle>false</autoIncrementCycle>
</Column>
<Column name="telefono" id="45E47775-0818-B9AE-B764-AD5E96EC30B8">
<createdBy>root</createdBy>
<createdTime>2024-10-10 22:59:17 UTC</createdTime>
<generatorID>BAFD097D-53D6-F99B-0882-624539FB6EEF</generatorID>
<ownerDesignName>Modelo</ownerDesignName>
<useDomainConstraints>false</useDomainConstraints>
<use>1</use>
<logicalDatatype>LOGDT024</logicalDatatype>
<dataTypeSize>12</dataTypeSize>
<ownDataTypeParameters>12,,</ownDataTypeParameters>
<autoIncrementCycle>false</autoIncrementCycle>
</Column>
<Column name="email" id="6D279CC3-FA66-FFBE-CDEE-688871442920">
<createdBy>root</createdBy>
<createdTime>2024-10-10 22:59:17 UTC</createdTime>
<generatorID>BEBE3813-2F47-8701-B7BD-0C0675BB33E7</generatorID>
<ownerDesignName>Modelo</ownerDesignName>
<nullsAllowed>true</nullsAllowed>
<useDomainConstraints>false</useDomainConstraints>
<use>1</use>
<logicalDatatype>LOGDT024</logicalDatatype>
<dataTypeSize>20</dataTypeSize>
<ownDataTypeParameters>20,,</ownDataTypeParameters>
<autoIncrementCycle>false</autoIncrementCycle>
</Column>
<Column name="direccion" id="76025CC9-D3E5-47C0-AAD7-2E5AE33F7419">
<createdBy>root</createdBy>
<createdTime>2024-10-10 22:59:17 UTC</createdTime>
<generatorID>6A00D361-5BCA-5630-C8B2-4EE1BCD07585</generatorID>
<ownerDesignName>Modelo</ownerDesignName>
<nullsAllowed>true</nullsAllowed>
<useDomainConstraints>false</useDomainConstraints>
<use>1</use>
<logicalDatatype>LOGDT024</logicalDatatype>
<dataTypeSize>35</dataTypeSize>
<ownDataTypeParameters>35,,</ownDataTypeParameters>
<autoIncrementCycle>false</autoIncrementCycle>
</Column>
<Column name="disponibilidad" id="8B65E239-F254-995E-A6A0-43F8EF6BB9A4">
<createdBy>root</createdBy>
<createdTime>2024-10-10 22:59:17 UTC</createdTime>
<generatorID>4624EBEC-867C-CE36-8F78-360A83198D20</generatorID>
<ownerDesignName>Modelo</ownerDesignName>
<useDomainConstraints>false</useDomainConstraints>
<use>1</use>
<logicalDatatype>LOGDT024</logicalDatatype>
<dataTypeSize>10</dataTypeSize>
<ownDataTypeParameters>10,,</ownDataTypeParameters>
<autoIncrementCycle>false</autoIncrementCycle>
</Column>
<Column name="estado" id="8E28BB9B-41CB-A141-F038-972993BDC918">
<createdBy>root</createdBy>
<createdTime>2024-10-10 22:59:17 UTC</createdTime>
<generatorID>82AEF779-59BB-13A9-5209-2D2E34F16B8E</generatorID>
<ownerDesignName>Modelo</ownerDesignName>
<useDomainConstraints>false</useDomainConstraints>
<use>1</use>
<logicalDatatype>LOGDT024</logicalDatatype>
<dataTypeSize>10</dataTypeSize>
<ownDataTypeParameters>10,,</ownDataTypeParameters>
<autoIncrementCycle>false</autoIncrementCycle>
</Column>
</columns>
<indexes itemClass="oracle.dbtools.crest.model.design.relational.Index">
<ind_PK_UK id="3BACBA8B-166A-0DEA-1997-E295291A2E31" name="Trabajador_PK">
<createdBy>root</createdBy>
<createdTime>2024-10-10 22:59:17 UTC</createdTime>
<generatorID>3B2D222D-33D9-7979-40AD-A4CE781E9713</generatorID>
<ownerDesignName>Modelo</ownerDesignName>
<pk>true</pk>
<indexState>Primary Constraint</indexState>
<isSurrogateKey>false</isSurrogateKey>
<indexColumnUsage>
<colUsage columnID="C4C98387-7D13-BA88-6E17-226D478E99CD"/>
</indexColumnUsage>
</ind_PK_UK>
</indexes>
</Table>