<?xml version = '1.0' encoding = 'UTF-8'?>
<Table class="oracle.dbtools.crest.model.design.relational.Table" directorySegmentName="seg_0" id="CF24858A-0E5D-2606-5D5D-A21CFC4BD272" name="Relation_14">
<createdBy>root</createdBy>
<createdTime>2024-10-10 22:59:17 UTC</createdTime>
<ownerDesignName>Modelo</ownerDesignName>
<allowColumnReorder>false</allowColumnReorder>
<existDependencyGenerateInDDl>true</existDependencyGenerateInDDl>
<parsed>true</parsed>
<columns itemClass="oracle.dbtools.crest.model.design.relational.Column">
<Column name="pago_id_pago" id="19230B99-9B34-FC81-DB83-7C7D67232341">
<createdBy>root</createdBy>
<createdTime>2024-10-10 22:59:17 UTC</createdTime>
<ownerDesignName>Modelo</ownerDesignName>
<useDomainConstraints>false</useDomainConstraints>
<use>1</use>
<logicalDatatype>LOGDT019</logicalDatatype>
<dataTypePrecision>10</dataTypePrecision>
<ownDataTypeParameters>,,</ownDataTypeParameters>
<previousColumn>false</previousColumn>
<autoIncrementCycle>false</autoIncrementCycle>
<associations>
<colAssociation fkAssociation="384EF0E1-0EE9-886E-16C6-818C87D03F44" referredColumn="C41E4BD5-E763-1235-C022-4C4C7DE75D01"/>
</associations>
</Column>
<Column name="proceso_id_proceso" id="3E657C27-373C-CD8B-013D-882742019A36">
<createdBy>root</createdBy>
<createdTime>2024-10-10 22:59:17 UTC</createdTime>
<ownerDesignName>Modelo</ownerDesignName>
<useDomainConstraints>false</useDomainConstraints>
<use>1</use>
<logicalDatatype>LOGDT019</logicalDatatype>
<dataTypePrecision>10</dataTypePrecision>
<ownDataTypeParameters>,,</ownDataTypeParameters>
<previousColumn>false</previousColumn>
<autoIncrementCycle>false</autoIncrementCycle>
<associations>
<colAssociation fkAssociation="1340905D-FCCF-5E45-D45D-6D1F6C474720" referredColumn="50BAD414-45AE-70FC-58CA-1FC191916254"/>
</associations>
</Column>
</columns>
<indexes itemClass="oracle.dbtools.crest.model.design.relational.Index">
<ind_PK_UK id="91E60FD3-4D71-D47E-F712-644BBB350E43" name="Relation_14_PK">
<createdBy>root</createdBy>
<createdTime>2024-10-10 22:59:17 UTC</createdTime>
<ownerDesignName>Modelo</ownerDesignName>
<pk>true</pk>
<indexState>Primary Constraint</indexState>
<isSurrogateKey>false</isSurrogateKey>
<indexColumnUsage>
<colUsage columnID="19230B99-9B34-FC81-DB83-7C7D67232341"/>
<colUsage columnID="3E657C27-373C-CD8B-013D-882742019A36"/>
</indexColumnUsage>
</ind_PK_UK>
<ind_PK_UK id="22EF4BD2-5D86-E49C-453B-5AAF4C007BD9" name="Relation_14_pago_FK">
<createdBy>root</createdBy>
<createdTime>2024-10-10 22:59:17 UTC</createdTime>
<generatorID>595E2C81-1635-D4B4-F721-8670125C7F99</generatorID>
<ownerDesignName>Modelo</ownerDesignName>
<indexState>Foreign Key</indexState>
<isSurrogateKey>false</isSurrogateKey>
<indexColumnUsage>
<colUsage columnID="19230B99-9B34-FC81-DB83-7C7D67232341"/>
</indexColumnUsage>
</ind_PK_UK>
<ind_PK_UK id="7E082876-DD20-299F-BEA3-D6FA6462B81D" name="Relation_14_proceso_FK">
<createdBy>root</createdBy>
<createdTime>2024-10-10 22:59:17 UTC</createdTime>
<generatorID>595E2C81-1635-D4B4-F721-8670125C7F99</generatorID>
<ownerDesignName>Modelo</ownerDesignName>
<indexState>Foreign Key</indexState>
<isSurrogateKey>false</isSurrogateKey>
<indexColumnUsage>
<colUsage columnID="3E657C27-373C-CD8B-013D-882742019A36"/>
</indexColumnUsage>
</ind_PK_UK>
</indexes>
</Table>