<?xml version = '1.0' encoding = 'UTF-8'?>
<Table class="oracle.dbtools.crest.model.design.relational.Table" directorySegmentName="seg_0" id="CF331D50-BE08-2C53-83A5-ADA617BA36A3" name="Relation_22">
<createdBy>root</createdBy>
<createdTime>2024-10-10 22:59:17 UTC</createdTime>
<ownerDesignName>Modelo</ownerDesignName>
<allowColumnReorder>false</allowColumnReorder>
<existDependencyGenerateInDDl>true</existDependencyGenerateInDDl>
<parsed>true</parsed>
<columns itemClass="oracle.dbtools.crest.model.design.relational.Column">
<Column name="cotizaciones_id_cotizacion" id="BFCD0064-C1A4-536F-723C-3D1A8DC5B8CD">
<createdBy>root</createdBy>
<createdTime>2024-10-10 22:59:17 UTC</createdTime>
<ownerDesignName>Modelo</ownerDesignName>
<useDomainConstraints>false</useDomainConstraints>
<use>1</use>
<logicalDatatype>LOGDT019</logicalDatatype>
<dataTypePrecision>9</dataTypePrecision>
<ownDataTypeParameters>,,</ownDataTypeParameters>
<previousColumn>false</previousColumn>
<autoIncrementCycle>false</autoIncrementCycle>
<associations>
<colAssociation fkAssociation="0A97D215-AED4-994C-9877-B32178038651" referredColumn="BB55F501-BDA4-5A08-781C-2C5B2D7683E7"/>
</associations>
</Column>
<Column name="proceso_id_proceso" id="3A305CC8-53C5-D267-D42D-44E137D6C8FE">
<createdBy>root</createdBy>
<createdTime>2024-10-10 22:59:17 UTC</createdTime>
<ownerDesignName>Modelo</ownerDesignName>
<useDomainConstraints>false</useDomainConstraints>
<use>1</use>
<logicalDatatype>LOGDT019</logicalDatatype>
<dataTypePrecision>10</dataTypePrecision>
<ownDataTypeParameters>,,</ownDataTypeParameters>
<previousColumn>false</previousColumn>
<autoIncrementCycle>false</autoIncrementCycle>
<associations>
<colAssociation fkAssociation="953544D1-9FF3-257B-5D4F-F131BD89DC2D" referredColumn="50BAD414-45AE-70FC-58CA-1FC191916254"/>
</associations>
</Column>
</columns>
<indexes itemClass="oracle.dbtools.crest.model.design.relational.Index">
<ind_PK_UK id="D8C856EA-49B0-35DF-9C83-59731B80BCF5" name="Relation_22_PK">
<createdBy>root</createdBy>
<createdTime>2024-10-10 22:59:17 UTC</createdTime>
<ownerDesignName>Modelo</ownerDesignName>
<pk>true</pk>
<indexState>Primary Constraint</indexState>
<isSurrogateKey>false</isSurrogateKey>
<indexColumnUsage>
<colUsage columnID="BFCD0064-C1A4-536F-723C-3D1A8DC5B8CD"/>
<colUsage columnID="3A305CC8-53C5-D267-D42D-44E137D6C8FE"/>
</indexColumnUsage>
</ind_PK_UK>
<ind_PK_UK id="EACD75AE-6AEC-8A74-118F-67291A5E3700" name="Relation_22_cotizaciones_FK">
<createdBy>root</createdBy>
<createdTime>2024-10-10 22:59:17 UTC</createdTime>
<generatorID>DFD2E28E-2B6E-701C-0FE6-F5E4FEF276D9</generatorID>
<ownerDesignName>Modelo</ownerDesignName>
<indexState>Foreign Key</indexState>
<isSurrogateKey>false</isSurrogateKey>
<indexColumnUsage>
<colUsage columnID="BFCD0064-C1A4-536F-723C-3D1A8DC5B8CD"/>
</indexColumnUsage>
</ind_PK_UK>
<ind_PK_UK id="9DB60B71-05D0-D4BF-8790-7F8CFF313A03" name="Relation_22_proceso_FK">
<createdBy>root</createdBy>
<createdTime>2024-10-10 22:59:17 UTC</createdTime>
<generatorID>DFD2E28E-2B6E-701C-0FE6-F5E4FEF276D9</generatorID>
<ownerDesignName>Modelo</ownerDesignName>
<indexState>Foreign Key</indexState>
<isSurrogateKey>false</isSurrogateKey>
<indexColumnUsage>
<colUsage columnID="3A305CC8-53C5-D267-D42D-44E137D6C8FE"/>
</indexColumnUsage>
</ind_PK_UK>
</indexes>
</Table>