<?xml version = '1.0' encoding = 'UTF-8'?>
<Table class="oracle.dbtools.crest.model.design.relational.Table" directorySegmentName="seg_0" id="F11A10C3-4ACA-4D8A-ADCC-4691C56D6A5D" name="Relation_17">
<createdBy>root</createdBy>
<createdTime>2024-10-10 22:59:17 UTC</createdTime>
<ownerDesignName>Modelo</ownerDesignName>
<allowColumnReorder>false</allowColumnReorder>
<existDependencyGenerateInDDl>true</existDependencyGenerateInDDl>
<parsed>true</parsed>
<columns itemClass="oracle.dbtools.crest.model.design.relational.Column">
<Column name="notificacion_id_notificacion" id="F0F0A846-C458-84F4-8B45-7E2FE98C92AC">
<createdBy>root</createdBy>
<createdTime>2024-10-10 22:59:17 UTC</createdTime>
<ownerDesignName>Modelo</ownerDesignName>
<useDomainConstraints>false</useDomainConstraints>
<use>1</use>
<logicalDatatype>LOGDT019</logicalDatatype>
<dataTypePrecision>10</dataTypePrecision>
<ownDataTypeParameters>,,</ownDataTypeParameters>
<previousColumn>false</previousColumn>
<autoIncrementCycle>false</autoIncrementCycle>
<associations>
<colAssociation fkAssociation="101EEC75-1068-E00B-577A-A39E6F1F0D91" referredColumn="CEDFF284-2D45-63AC-F8C0-DB55E6831557"/>
</associations>
</Column>
<Column name="proceso_id_proceso" id="1E35B873-5824-D4B1-7F7E-1B6A12A35FF3">
<createdBy>root</createdBy>
<createdTime>2024-10-10 22:59:17 UTC</createdTime>
<ownerDesignName>Modelo</ownerDesignName>
<useDomainConstraints>false</useDomainConstraints>
<use>1</use>
<logicalDatatype>LOGDT019</logicalDatatype>
<dataTypePrecision>10</dataTypePrecision>
<ownDataTypeParameters>,,</ownDataTypeParameters>
<previousColumn>false</previousColumn>
<autoIncrementCycle>false</autoIncrementCycle>
<associations>
<colAssociation fkAssociation="ED49E0F0-CBC8-9DE2-9246-B1B4CF8EB331" referredColumn="50BAD414-45AE-70FC-58CA-1FC191916254"/>
</associations>
</Column>
</columns>
<indexes itemClass="oracle.dbtools.crest.model.design.relational.Index">
<ind_PK_UK id="70BD78DE-F9F3-7C54-80E7-4D36E16D7BFE" name="Relation_17_PK">
<createdBy>root</createdBy>
<createdTime>2024-10-10 22:59:17 UTC</createdTime>
<ownerDesignName>Modelo</ownerDesignName>
<pk>true</pk>
<indexState>Primary Constraint</indexState>
<isSurrogateKey>false</isSurrogateKey>
<indexColumnUsage>
<colUsage columnID="F0F0A846-C458-84F4-8B45-7E2FE98C92AC"/>
<colUsage columnID="1E35B873-5824-D4B1-7F7E-1B6A12A35FF3"/>
</indexColumnUsage>
</ind_PK_UK>
<ind_PK_UK id="0E09D141-CD74-3C82-B9A3-FA699A2BAEC3" name="Relation_17_notificacion_FK">
<createdBy>root</createdBy>
<createdTime>2024-10-10 22:59:17 UTC</createdTime>
<generatorID>9CF5A6EF-FDEE-1CEF-B4FD-0947F33531DF</generatorID>
<ownerDesignName>Modelo</ownerDesignName>
<indexState>Foreign Key</indexState>
<isSurrogateKey>false</isSurrogateKey>
<indexColumnUsage>
<colUsage columnID="F0F0A846-C458-84F4-8B45-7E2FE98C92AC"/>
</indexColumnUsage>
</ind_PK_UK>
<ind_PK_UK id="FA532742-01E2-F12E-6F96-982F4B20E9D5" name="Relation_17_proceso_FK">
<createdBy>root</createdBy>
<createdTime>2024-10-10 22:59:17 UTC</createdTime>
<generatorID>9CF5A6EF-FDEE-1CEF-B4FD-0947F33531DF</generatorID>
<ownerDesignName>Modelo</ownerDesignName>
<indexState>Foreign Key</indexState>
<isSurrogateKey>false</isSurrogateKey>
<indexColumnUsage>
<colUsage columnID="1E35B873-5824-D4B1-7F7E-1B6A12A35FF3"/>
</indexColumnUsage>
</ind_PK_UK>
</indexes>
</Table>