<?xml version = '1.0' encoding = 'UTF-8'?>
<FKIndexAssociation class="oracle.dbtools.crest.model.design.relational.FKIndexAssociation" directorySegmentName="seg_0" id="0387BBB3-77C5-BFED-487E-6EB3B4EF39DA" containerWithKeyObject="2DCEEE52-E7EC-D991-928B-00165422A4AE" localFKIndex="5B6A66A1-7919-0147-4AF1-4F98ECAFFA38" name="Relation_23">
<createdBy>fabian</createdBy>
<createdTime>2024-10-15 23:03:34 UTC</createdTime>
<generatorID>6210BDBE-8FBA-C52F-49E1-BB2DB62E7CCD</generatorID>
<ownerDesignName>Modelo</ownerDesignName>
<referredTableLongName>Dueño</referredTableLongName>
<deleteRule>NO ACTION</deleteRule>
<referredTableID>4C943D01-ADAD-84BC-938F-736211E563AB</referredTableID>
<keyObject>272FCC2D-0EB8-5525-4631-D28BC4266CEC</keyObject>
<referredKeyID>272FCC2D-0EB8-5525-4631-D28BC4266CEC</referredKeyID>
<mandatory>true</mandatory>
<refColNames>email1</refColNames>
<transferable>true</transferable>
<rely>false</rely>
<columnDependencyConstraintGenerateInDDL>true</columnDependencyConstraintGenerateInDDL>
</FKIndexAssociation>