<?xml version = '1.0' encoding = 'UTF-8'?>
<FKIndexAssociation class="oracle.dbtools.crest.model.design.relational.FKIndexAssociation" directorySegmentName="seg_0" id="0EBA2EA0-B06F-4007-B508-824472BDEF3D" containerWithKeyObject="3A2289C7-20D4-D156-7E1D-0DD656552671" localFKIndex="F61E1D25-7D55-B4DE-1634-A795E7A4629E" name="Relation_13_Vehiculo_FK">
<createdBy>fabian</createdBy>
<createdTime>2024-10-15 23:03:34 UTC</createdTime>
<generatorID>1D49B1A4-6DAA-A28D-3B28-7BDA5201062D</generatorID>
<ownerDesignName>Modelo</ownerDesignName>
<referredTableLongName>Vehiculo</referredTableLongName>
<deleteRule>NO ACTION</deleteRule>
<referredTableID>2DCEEE52-E7EC-D991-928B-00165422A4AE</referredTableID>
<keyObject>1E17AA63-D632-FBA9-F69B-17A800E42DD4</keyObject>
<referredKeyID>1E17AA63-D632-FBA9-F69B-17A800E42DD4</referredKeyID>
<mandatory>true</mandatory>
<refColNames>id_vehiculo</refColNames>
<transferable>true</transferable>
<rely>false</rely>
<columnDependencyConstraintGenerateInDDL>true</columnDependencyConstraintGenerateInDDL>
</FKIndexAssociation>