<?xml version = '1.0' encoding = 'UTF-8'?>
<FKIndexAssociation class="oracle.dbtools.crest.model.design.relational.FKIndexAssociation" directorySegmentName="seg_0" id="309597C2-9E47-DB46-34B2-E7BF59FD365B" containerWithKeyObject="1A1E94E6-B749-2EF8-03D3-47D85F3DF7D4" localFKIndex="9593040F-5422-7822-FF98-4F022FE577D5" name="Relation_17_proceso_FK">
<createdBy>fabian</createdBy>
<createdTime>2024-10-15 23:03:34 UTC</createdTime>
<generatorID>9CF5A6EF-FDEE-1CEF-B4FD-0947F33531DF</generatorID>
<ownerDesignName>Modelo</ownerDesignName>
<referredTableLongName>proceso</referredTableLongName>
<deleteRule>NO ACTION</deleteRule>
<referredTableID>B55D4EA1-5ED0-2816-194C-10F0EB2C412A</referredTableID>
<keyObject>A047A503-4CD8-FEB5-8C24-5C100E7F8402</keyObject>
<referredKeyID>A047A503-4CD8-FEB5-8C24-5C100E7F8402</referredKeyID>
<mandatory>true</mandatory>
<refColNames>id_proceso</refColNames>
<transferable>true</transferable>
<rely>false</rely>
<columnDependencyConstraintGenerateInDDL>true</columnDependencyConstraintGenerateInDDL>
</FKIndexAssociation>