<?xml version = '1.0' encoding = 'UTF-8'?>
<FKIndexAssociation class="oracle.dbtools.crest.model.design.relational.FKIndexAssociation" directorySegmentName="seg_0" id="69C2F215-3204-86C2-7645-32169B1006EC" containerWithKeyObject="B55D4EA1-5ED0-2816-194C-10F0EB2C412A" localFKIndex="5900EFCB-7125-78F7-CB46-7EA202EB3D92" name="Relation_16">
<createdBy>fabian</createdBy>
<createdTime>2024-10-15 23:03:34 UTC</createdTime>
<generatorID>4DE03A69-6AF4-DEAB-9C44-A340EA94275B</generatorID>
<ownerDesignName>Modelo</ownerDesignName>
<referredTableLongName>Trabajador</referredTableLongName>
<deleteRule>NO ACTION</deleteRule>
<referredTableID>D63E221A-B052-1F3B-DFAB-41A9B798F4AE</referredTableID>
<keyObject>22076D83-6013-97BD-DD4F-3C229FB608AB</keyObject>
<referredKeyID>22076D83-6013-97BD-DD4F-3C229FB608AB</referredKeyID>
<mandatory>true</mandatory>
<refColNames>email1</refColNames>
<transferable>true</transferable>
<rely>false</rely>
<columnDependencyConstraintGenerateInDDL>true</columnDependencyConstraintGenerateInDDL>
</FKIndexAssociation>