<?xml version = '1.0' encoding = 'UTF-8'?>
<FKIndexAssociation class="oracle.dbtools.crest.model.design.relational.FKIndexAssociation" directorySegmentName="seg_0" id="6B169F43-31EA-C4AC-E517-EDAFECCC9FCA" containerWithKeyObject="F71DF2C9-FAAF-1DF3-9879-678141F7673C" localFKIndex="6D836F24-DEAC-FE2E-AB13-CBE9C5E9957B" name="Relation_24">
<createdBy>fabian</createdBy>
<createdTime>2024-10-15 23:03:34 UTC</createdTime>
<generatorID>919437D9-96D4-EFB5-1276-EBFB77F8A688</generatorID>
<ownerDesignName>Modelo</ownerDesignName>
<referredTableLongName>pago</referredTableLongName>
<deleteRule>NO ACTION</deleteRule>
<referredTableID>784F7229-C0DA-7AB0-A774-A34AAE695320</referredTableID>
<keyObject>756CB002-966E-8911-520B-3470C7027281</keyObject>
<referredKeyID>756CB002-966E-8911-520B-3470C7027281</referredKeyID>
<mandatory>true</mandatory>
<refColNames>id_pago</refColNames>
<transferable>true</transferable>
<rely>false</rely>
<columnDependencyConstraintGenerateInDDL>true</columnDependencyConstraintGenerateInDDL>
</FKIndexAssociation>