<?xml version = '1.0' encoding = 'UTF-8'?>
<FKIndexAssociation class="oracle.dbtools.crest.model.design.relational.FKIndexAssociation" directorySegmentName="seg_0" id="6B6AA7B5-5CCA-174D-A3F7-B2A52D5E8F41" containerWithKeyObject="F71DF2C9-FAAF-1DF3-9879-678141F7673C" localFKIndex="8C8C62A8-9131-51A8-BBBE-F95094F2F212" name="Relation_19">
<createdBy>fabian</createdBy>
<createdTime>2024-10-15 23:03:34 UTC</createdTime>
<generatorID>B06B41C6-3854-DEDD-D494-18EDB428FEC1</generatorID>
<ownerDesignName>Modelo</ownerDesignName>
<referredTableLongName>Dueño</referredTableLongName>
<deleteRule>NO ACTION</deleteRule>
<referredTableID>4C943D01-ADAD-84BC-938F-736211E563AB</referredTableID>
<keyObject>272FCC2D-0EB8-5525-4631-D28BC4266CEC</keyObject>
<referredKeyID>272FCC2D-0EB8-5525-4631-D28BC4266CEC</referredKeyID>
<mandatory>true</mandatory>
<refColNames>email1</refColNames>
<transferable>true</transferable>
<rely>false</rely>
<columnDependencyConstraintGenerateInDDL>true</columnDependencyConstraintGenerateInDDL>
</FKIndexAssociation>