<?xml version = '1.0' encoding = 'UTF-8'?>
<FKIndexAssociation class="oracle.dbtools.crest.model.design.relational.FKIndexAssociation" directorySegmentName="seg_0" id="6BA74516-4C18-6A0A-72CA-5E0C3AE041A1" containerWithKeyObject="AF935EC6-8759-F6EA-2432-1AEBFE57D8C8" localFKIndex="C085E6BC-A925-19CF-ED4E-304AE5A2E51F" name="Relation_15_servicio_FK">
<createdBy>fabian</createdBy>
<createdTime>2024-10-15 23:03:34 UTC</createdTime>
<generatorID>F113996D-2337-2792-A818-79C168A5D2FA</generatorID>
<ownerDesignName>Modelo</ownerDesignName>
<referredTableLongName>servicio</referredTableLongName>
<deleteRule>NO ACTION</deleteRule>
<referredTableID>DB8DA376-25FA-1FAA-A12D-BDC996797DDD</referredTableID>
<keyObject>4E0C0AC7-4AE7-EE87-38B6-1ED498B87B72</keyObject>
<referredKeyID>4E0C0AC7-4AE7-EE87-38B6-1ED498B87B72</referredKeyID>
<mandatory>true</mandatory>
<refColNames>id_servicio</refColNames>
<transferable>true</transferable>
<rely>false</rely>
<columnDependencyConstraintGenerateInDDL>true</columnDependencyConstraintGenerateInDDL>
</FKIndexAssociation>