<?xml version = '1.0' encoding = 'UTF-8'?>
<FKIndexAssociation class="oracle.dbtools.crest.model.design.relational.FKIndexAssociation" directorySegmentName="seg_0" id="7596EDB5-A30A-9786-2BE6-E618A1A3A562" containerWithKeyObject="6DC8CED8-ED55-95E6-7F46-D8DBBD968466" localFKIndex="61867883-7694-6B70-B4EA-0FBA261AA75C" name="Relation_22_cotizaciones_FK">
<createdBy>fabian</createdBy>
<createdTime>2024-10-15 23:03:34 UTC</createdTime>
<generatorID>DFD2E28E-2B6E-701C-0FE6-F5E4FEF276D9</generatorID>
<ownerDesignName>Modelo</ownerDesignName>
<referredTableLongName>cotizaciones</referredTableLongName>
<deleteRule>NO ACTION</deleteRule>
<referredTableID>F71DF2C9-FAAF-1DF3-9879-678141F7673C</referredTableID>
<keyObject>4D2F232D-8BD9-928B-D883-4BC2693B97DE</keyObject>
<referredKeyID>4D2F232D-8BD9-928B-D883-4BC2693B97DE</referredKeyID>
<mandatory>true</mandatory>
<refColNames>id_cotizacion</refColNames>
<transferable>true</transferable>
<rely>false</rely>
<columnDependencyConstraintGenerateInDDL>true</columnDependencyConstraintGenerateInDDL>
</FKIndexAssociation>