<?xml version = '1.0' encoding = 'UTF-8'?>
<FKIndexAssociation class="oracle.dbtools.crest.model.design.relational.FKIndexAssociation" directorySegmentName="seg_0" id="88F1E331-F573-B847-8EDA-881E55CEF949" containerWithKeyObject="AF935EC6-8759-F6EA-2432-1AEBFE57D8C8" localFKIndex="6F8A9E69-B091-AB42-DBCA-2AFA8A89EE14" name="Relation_15_proceso_FK">
<createdBy>fabian</createdBy>
<createdTime>2024-10-15 23:03:34 UTC</createdTime>
<generatorID>F113996D-2337-2792-A818-79C168A5D2FA</generatorID>
<ownerDesignName>Modelo</ownerDesignName>
<referredTableLongName>proceso</referredTableLongName>
<deleteRule>NO ACTION</deleteRule>
<referredTableID>B55D4EA1-5ED0-2816-194C-10F0EB2C412A</referredTableID>
<keyObject>A047A503-4CD8-FEB5-8C24-5C100E7F8402</keyObject>
<referredKeyID>A047A503-4CD8-FEB5-8C24-5C100E7F8402</referredKeyID>
<mandatory>true</mandatory>
<refColNames>id_proceso</refColNames>
<transferable>true</transferable>
<rely>false</rely>
<columnDependencyConstraintGenerateInDDL>true</columnDependencyConstraintGenerateInDDL>
</FKIndexAssociation>