<?xml version = '1.0' encoding = 'UTF-8'?>
<FKIndexAssociation class="oracle.dbtools.crest.model.design.relational.FKIndexAssociation" directorySegmentName="seg_0" id="8F0A0207-F95F-C4FF-5DC3-0FCC7BCB0C73" containerWithKeyObject="6DC8CED8-ED55-95E6-7F46-D8DBBD968466" localFKIndex="0A7DB8EC-4314-91F9-1D36-D9C9249D5AA2" name="Relation_22_proceso_FK">
<createdBy>fabian</createdBy>
<createdTime>2024-10-15 23:03:34 UTC</createdTime>
<generatorID>DFD2E28E-2B6E-701C-0FE6-F5E4FEF276D9</generatorID>
<ownerDesignName>Modelo</ownerDesignName>
<referredTableLongName>proceso</referredTableLongName>
<deleteRule>NO ACTION</deleteRule>
<referredTableID>B55D4EA1-5ED0-2816-194C-10F0EB2C412A</referredTableID>
<keyObject>A047A503-4CD8-FEB5-8C24-5C100E7F8402</keyObject>
<referredKeyID>A047A503-4CD8-FEB5-8C24-5C100E7F8402</referredKeyID>
<mandatory>true</mandatory>
<refColNames>id_proceso</refColNames>
<transferable>true</transferable>
<rely>false</rely>
<columnDependencyConstraintGenerateInDDL>true</columnDependencyConstraintGenerateInDDL>
</FKIndexAssociation>