<?xml version = '1.0' encoding = 'UTF-8'?>
<FKIndexAssociation class="oracle.dbtools.crest.model.design.relational.FKIndexAssociation" directorySegmentName="seg_0" id="9586B743-6EB6-62D8-8DFB-B5BBA2EA4C59" containerWithKeyObject="4C943D01-ADAD-84BC-938F-736211E563AB" localFKIndex="D4AAEFCF-6DBD-0FA0-60A2-430B52EFD685" name="Relation_12">
<createdBy>fabian</createdBy>
<createdTime>2024-10-15 23:03:34 UTC</createdTime>
<generatorID>E0AA0630-BE9F-F576-3CC5-2F24C589142A</generatorID>
<ownerDesignName>Modelo</ownerDesignName>
<referredTableLongName>perfil</referredTableLongName>
<deleteRule>NO ACTION</deleteRule>
<referredTableID>5725879E-AB44-2CD1-A122-A9CF8ABA26FA</referredTableID>
<keyObject>05283505-0C11-A9D3-CD36-F98197E016E2</keyObject>
<referredKeyID>05283505-0C11-A9D3-CD36-F98197E016E2</referredKeyID>
<mandatory>true</mandatory>
<refColNames>id_perfil</refColNames>
<transferable>true</transferable>
<rely>false</rely>
<columnDependencyConstraintGenerateInDDL>true</columnDependencyConstraintGenerateInDDL>
</FKIndexAssociation>