<?xml version = '1.0' encoding = 'UTF-8'?>
<FKIndexAssociation class="oracle.dbtools.crest.model.design.relational.FKIndexAssociation" directorySegmentName="seg_0" id="9B2D51D9-A37E-8D12-7893-15D816A30EB3" containerWithKeyObject="D63E221A-B052-1F3B-DFAB-41A9B798F4AE" localFKIndex="F89CE20D-4E65-0B51-F5C0-AE669FD4082C" name="Relation_18">
<createdBy>fabian</createdBy>
<createdTime>2024-10-15 23:03:34 UTC</createdTime>
<generatorID>F73ECCA0-77D3-0430-3FA1-0AD5878F9D7E</generatorID>
<ownerDesignName>Modelo</ownerDesignName>
<referredTableLongName>perfil</referredTableLongName>
<deleteRule>NO ACTION</deleteRule>
<referredTableID>5725879E-AB44-2CD1-A122-A9CF8ABA26FA</referredTableID>
<keyObject>05283505-0C11-A9D3-CD36-F98197E016E2</keyObject>
<referredKeyID>05283505-0C11-A9D3-CD36-F98197E016E2</referredKeyID>
<mandatory>true</mandatory>
<refColNames>id_perfil</refColNames>
<transferable>true</transferable>
<rely>false</rely>
<columnDependencyConstraintGenerateInDDL>true</columnDependencyConstraintGenerateInDDL>
</FKIndexAssociation>