<?xml version = '1.0' encoding = 'UTF-8'?>
<FKIndexAssociation class="oracle.dbtools.crest.model.design.relational.FKIndexAssociation" directorySegmentName="seg_0" id="9D94CB65-DF66-0A82-027E-5BC2C04851C8" containerWithKeyObject="1A1E94E6-B749-2EF8-03D3-47D85F3DF7D4" localFKIndex="6FF7349A-8287-DA7D-D4DF-4C20421E09B3" name="Relation_17_notificacion_FK">
<createdBy>fabian</createdBy>
<createdTime>2024-10-15 23:03:34 UTC</createdTime>
<generatorID>9CF5A6EF-FDEE-1CEF-B4FD-0947F33531DF</generatorID>
<ownerDesignName>Modelo</ownerDesignName>
<referredTableLongName>notificacion</referredTableLongName>
<deleteRule>NO ACTION</deleteRule>
<referredTableID>486BE878-5518-F2ED-F9DE-1D3D4C714FB1</referredTableID>
<keyObject>0C08B7CC-95FE-835E-08EC-EE5D708AD283</keyObject>
<referredKeyID>0C08B7CC-95FE-835E-08EC-EE5D708AD283</referredKeyID>
<mandatory>true</mandatory>
<refColNames>id_notificacion</refColNames>
<transferable>true</transferable>
<rely>false</rely>
<columnDependencyConstraintGenerateInDDL>true</columnDependencyConstraintGenerateInDDL>
</FKIndexAssociation>