<?xml version = '1.0' encoding = 'UTF-8'?>
<FKIndexAssociation class="oracle.dbtools.crest.model.design.relational.FKIndexAssociation" directorySegmentName="seg_0" id="B5A203CB-BC74-273B-066C-100F2237343D" containerWithKeyObject="BD38C7E9-2136-07B8-FA2A-4E249D9EDBA9" localFKIndex="A0730942-DA89-3B43-DC1B-02E8E0FBAD1C" name="Relation_11">
<createdBy>fabian</createdBy>
<createdTime>2024-10-15 23:03:34 UTC</createdTime>
<generatorID>D60DB02B-2814-567B-B65C-19575A251656</generatorID>
<ownerDesignName>Modelo</ownerDesignName>
<referredTableLongName>Vehiculo</referredTableLongName>
<deleteRule>NO ACTION</deleteRule>
<referredTableID>2DCEEE52-E7EC-D991-928B-00165422A4AE</referredTableID>
<keyObject>1E17AA63-D632-FBA9-F69B-17A800E42DD4</keyObject>
<referredKeyID>1E17AA63-D632-FBA9-F69B-17A800E42DD4</referredKeyID>
<mandatory>true</mandatory>
<refColNames>id_vehiculo</refColNames>
<transferable>true</transferable>
<rely>false</rely>
<columnDependencyConstraintGenerateInDDL>true</columnDependencyConstraintGenerateInDDL>
</FKIndexAssociation>