<?xml version = '1.0' encoding = 'UTF-8'?>
<FKIndexAssociation class="oracle.dbtools.crest.model.design.relational.FKIndexAssociation" directorySegmentName="seg_0" id="DAF3AE1F-E160-4A9F-2D16-D1C007D42A00" containerWithKeyObject="3A2289C7-20D4-D156-7E1D-0DD656552671" localFKIndex="0791FAFD-0CA9-41A0-2294-B2806DC77E0A" name="Relation_13_proceso_FK">
<createdBy>fabian</createdBy>
<createdTime>2024-10-15 23:03:34 UTC</createdTime>
<generatorID>1D49B1A4-6DAA-A28D-3B28-7BDA5201062D</generatorID>
<ownerDesignName>Modelo</ownerDesignName>
<referredTableLongName>proceso</referredTableLongName>
<deleteRule>NO ACTION</deleteRule>
<referredTableID>B55D4EA1-5ED0-2816-194C-10F0EB2C412A</referredTableID>
<keyObject>A047A503-4CD8-FEB5-8C24-5C100E7F8402</keyObject>
<referredKeyID>A047A503-4CD8-FEB5-8C24-5C100E7F8402</referredKeyID>
<mandatory>true</mandatory>
<refColNames>id_proceso</refColNames>
<transferable>true</transferable>
<rely>false</rely>
<columnDependencyConstraintGenerateInDDL>true</columnDependencyConstraintGenerateInDDL>
</FKIndexAssociation>