<?xml version = '1.0' encoding = 'UTF-8'?>
<Diagram class="oracle.dbtools.crest.swingui.relational.DPVRelational" name="Relational_1" id="05B554EC-67B1-1EE7-F4CC-E58F11B5B0F6">
<createdBy>root</createdBy>
<modifiedBy>root</modifiedBy>
<createdTime>2024-09-15 03:05:26 UTC</createdTime>
<autoRoute>false</autoRoute>
<boxInbox>true</boxInbox>
<showLegend>false</showLegend>
<showLabels>false</showLabels>
<showRelAttributes>false</showRelAttributes>
<gridEnabled>false</gridEnabled>
<showGrid>false</showGrid>
<diagramColor>-1</diagramColor>
<display>false</display>
<notation>1</notation>
<objectViews>
<OView class="oracle.dbtools.crest.swingui.relational.TVTable" oid="20CAF525-2D6A-2960-A4D7-017A09E19E39" otype="Table" vid="FF5B0287-B38C-86AC-B3E9-8303702741FA">
<hideElementsInCurrentOnly>false</hideElementsInCurrentOnly>
<bounds x="181" y="613" width="266" height="207"/>
</OView>
<OView class="oracle.dbtools.crest.swingui.relational.TVTable" oid="3424EF2F-B2D6-E843-81B2-D50F6D147EAD" otype="Table" vid="EEFB1B7B-A59B-44AC-49EB-EAF29C459E2B">
<hideElementsInCurrentOnly>false</hideElementsInCurrentOnly>
<bounds x="171" y="359" width="275" height="174"/>
</OView>
<OView class="oracle.dbtools.crest.swingui.relational.TVTable" oid="386D46D3-6AFD-CC7A-462B-BB1196B94B39" otype="Table" vid="40DFAB69-ACA8-0242-2DFB-6717D9D4FDFB">
<hideElementsInCurrentOnly>false</hideElementsInCurrentOnly>
<bounds x="595" y="84" width="256" height="258"/>
</OView>
<OView class="oracle.dbtools.crest.swingui.relational.TVTable" oid="4937692F-FF7D-CFB2-6DF9-591E2818C631" otype="Table" vid="E42A949B-AC19-9197-7C46-B6A416B29A40">
<hideElementsInCurrentOnly>false</hideElementsInCurrentOnly>
<bounds x="205" y="91" width="247" height="155"/>
</OView>
<OView class="oracle.dbtools.crest.swingui.relational.TVTable" oid="514B0C4A-00BB-BCA5-CC07-111B52E1DD96" otype="Table" vid="D20CCB58-F6A4-8322-D280-55D4CF9D5AFA">
<hideElementsInCurrentOnly>false</hideElementsInCurrentOnly>
<bounds x="1068" y="371" width="252" height="134"/>
</OView>
<OView class="oracle.dbtools.crest.swingui.relational.TVTable" oid="67F47232-8A89-3B79-F968-A11B4D3A4E46" otype="Table" vid="70787E96-A0F3-E362-CA53-2DEC2DF4B542">
<hideElementsInCurrentOnly>false</hideElementsInCurrentOnly>
<bounds x="527" y="895" width="222" height="141"/>
</OView>
<OView class="oracle.dbtools.crest.swingui.relational.TVTable" oid="80334DC9-BF8D-91AB-9C76-ED7B709A944A" otype="Table" vid="A14E4B2A-A7B6-AD2F-7EAC-2AF858016B0B">
<hideElementsInCurrentOnly>false</hideElementsInCurrentOnly>
<bounds x="863" y="413" width="170" height="110"/>
</OView>
<OView class="oracle.dbtools.crest.swingui.relational.TVTable" oid="A50C2578-1F13-76E5-4427-7C62DFA7259C" otype="Table" vid="774140B4-3A10-DB1B-8ECE-9C77B460CCD1">
<hideElementsInCurrentOnly>false</hideElementsInCurrentOnly>
<bounds x="572" y="389" width="212" height="157"/>
</OView>
<OView class="oracle.dbtools.crest.swingui.relational.TVTable" oid="B824DBF5-6583-ADA6-AEC8-D995ED637714" otype="Table" vid="AB60A526-2490-FBFC-1490-C573DB04AD72">
<hideElementsInCurrentOnly>false</hideElementsInCurrentOnly>
<bounds x="521" y="595" width="268" height="224"/>
</OView>
<OView class="oracle.dbtools.crest.swingui.relational.TVTable" oid="D5933856-6B6A-36A8-A159-64CB4E1EE09F" otype="Table" vid="2ADF5AA2-1321-C5E0-69C9-E8A45124FD2F">
<hideElementsInCurrentOnly>false</hideElementsInCurrentOnly>
<bounds x="937" y="91" width="246" height="188"/>
</OView>
</objectViews>
<connectors>
<Connector class="oracle.dbtools.crest.swingui.relational.TVFKRelation" oid="1566EB17-33F8-2E60-4061-9D4C796E3C10" otype="FKIndexAssociation" vid_source="FF5B0287-B38C-86AC-B3E9-8303702741FA" vid_target="AB60A526-2490-FBFC-1490-C573DB04AD72">
<hideElementsInCurrentOnly>false</hideElementsInCurrentOnly>
<backgroundColor>-16777216</backgroundColor>
<lineWidth>1</lineWidth>
<points>
<point x="447" y="716"/>
<point x="521" y="716"/>
</points>
</Connector>
<Connector class="oracle.dbtools.crest.swingui.relational.TVFKRelation" oid="2550A0BB-C67F-51DE-E33E-48BB85242A35" otype="FKIndexAssociation" vid_source="70787E96-A0F3-E362-CA53-2DEC2DF4B542" vid_target="AB60A526-2490-FBFC-1490-C573DB04AD72">
<hideElementsInCurrentOnly>false</hideElementsInCurrentOnly>
<backgroundColor>-16777216</backgroundColor>
<lineWidth>1</lineWidth>
<points>
<point x="653" y="895"/>
<point x="653" y="819"/>
</points>
</Connector>
<Connector class="oracle.dbtools.crest.swingui.relational.TVFKRelation" oid="2BE8DE56-59BD-4BF5-A147-7B3E49F056AD" otype="FKIndexAssociation" vid_source="AB60A526-2490-FBFC-1490-C573DB04AD72" vid_target="774140B4-3A10-DB1B-8ECE-9C77B460CCD1">
<hideElementsInCurrentOnly>false</hideElementsInCurrentOnly>
<backgroundColor>-16777216</backgroundColor>
<lineWidth>1</lineWidth>
<points>
<point x="678" y="595"/>
<point x="678" y="546"/>
</points>
</Connector>
<Connector class="oracle.dbtools.crest.swingui.relational.TVFKRelation" oid="394FFB04-0124-389F-1DD9-78109B50883D" otype="FKIndexAssociation" vid_source="2ADF5AA2-1321-C5E0-69C9-E8A45124FD2F" vid_target="40DFAB69-ACA8-0242-2DFB-6717D9D4FDFB">
<hideElementsInCurrentOnly>false</hideElementsInCurrentOnly>
<backgroundColor>-16777216</backgroundColor>
<lineWidth>1</lineWidth>
<points>
<point x="937" y="185"/>
<point x="851" y="185"/>
</points>
</Connector>
<Connector class="oracle.dbtools.crest.swingui.relational.TVFKRelation" oid="4D05F403-402F-8446-BEB4-80A6676629D7" otype="FKIndexAssociation" vid_source="D20CCB58-F6A4-8322-D280-55D4CF9D5AFA" vid_target="A14E4B2A-A7B6-AD2F-7EAC-2AF858016B0B">
<hideElementsInCurrentOnly>false</hideElementsInCurrentOnly>
<backgroundColor>-16777216</backgroundColor>
<lineWidth>1</lineWidth>
<points>
<point x="1068" y="459"/>
<point x="1033" y="459"/>
</points>
</Connector>
<Connector class="oracle.dbtools.crest.swingui.relational.TVFKRelation" oid="6EDEA23A-70D5-EE09-DE04-38B484801CF2" otype="FKIndexAssociation" vid_source="774140B4-3A10-DB1B-8ECE-9C77B460CCD1" vid_target="A14E4B2A-A7B6-AD2F-7EAC-2AF858016B0B">
<hideElementsInCurrentOnly>false</hideElementsInCurrentOnly>
<backgroundColor>-16777216</backgroundColor>
<lineWidth>1</lineWidth>
<points>
<point x="784" y="468"/>
<point x="863" y="468"/>
</points>
</Connector>
<Connector class="oracle.dbtools.crest.swingui.relational.TVFKRelation" oid="6FE1CE18-DB14-19EB-FFBE-342F1608A5EB" otype="FKIndexAssociation" vid_source="40DFAB69-ACA8-0242-2DFB-6717D9D4FDFB" vid_target="E42A949B-AC19-9197-7C46-B6A416B29A40">
<hideElementsInCurrentOnly>false</hideElementsInCurrentOnly>
<backgroundColor>-16777216</backgroundColor>
<lineWidth>1</lineWidth>
<points>
<point x="595" y="183"/>
<point x="452" y="183"/>
</points>
</Connector>
<Connector class="oracle.dbtools.crest.swingui.relational.TVFKRelation" oid="C581BE07-1ADB-7E3E-9AA0-B462FB704BCB" otype="FKIndexAssociation" vid_source="774140B4-3A10-DB1B-8ECE-9C77B460CCD1" vid_target="40DFAB69-ACA8-0242-2DFB-6717D9D4FDFB">
<hideElementsInCurrentOnly>false</hideElementsInCurrentOnly>
<backgroundColor>-16777216</backgroundColor>
<lineWidth>1</lineWidth>
<points>
<point x="689" y="389"/>
<point x="689" y="342"/>
</points>
</Connector>
<Connector class="oracle.dbtools.crest.swingui.relational.TVFKRelation" oid="D80E5AA1-6224-DA9C-D24C-D0265D5DF505" otype="FKIndexAssociation" vid_source="774140B4-3A10-DB1B-8ECE-9C77B460CCD1" vid_target="EEFB1B7B-A59B-44AC-49EB-EAF29C459E2B">
<hideElementsInCurrentOnly>false</hideElementsInCurrentOnly>
<backgroundColor>-16777216</backgroundColor>
<lineWidth>1</lineWidth>
<points>
<point x="572" y="461"/>
<point x="446" y="461"/>
</points>
</Connector>
</connectors>
</Diagram>