<?xml version = '1.0' encoding = 'UTF-8'?>
<FKIndexAssociation class="oracle.dbtools.crest.model.design.relational.FKIndexAssociation" directorySegmentName="seg_0" id="0A97D215-AED4-994C-9877-B32178038651" containerWithKeyObject="CF331D50-BE08-2C53-83A5-ADA617BA36A3" localFKIndex="EACD75AE-6AEC-8A74-118F-67291A5E3700" name="Relation_22_cotizaciones_FK">
<createdBy>root</createdBy>
<createdTime>2024-10-10 22:59:17 UTC</createdTime>
<generatorID>DFD2E28E-2B6E-701C-0FE6-F5E4FEF276D9</generatorID>
<ownerDesignName>Modelo</ownerDesignName>
<referredTableLongName>cotizaciones</referredTableLongName>
<deleteRule>NO ACTION</deleteRule>
<referredTableID>04613997-EA7B-6C60-31BA-427CFE87435C</referredTableID>
<keyObject>DE568BD9-5434-7F47-616F-891B751EA974</keyObject>
<referredKeyID>DE568BD9-5434-7F47-616F-891B751EA974</referredKeyID>
<mandatory>true</mandatory>
<refColNames>id_cotizacion</refColNames>
<transferable>true</transferable>
<rely>false</rely>
<columnDependencyConstraintGenerateInDDL>true</columnDependencyConstraintGenerateInDDL>
</FKIndexAssociation>