<?xml version = '1.0' encoding = 'UTF-8'?>
<FKIndexAssociation class="oracle.dbtools.crest.model.design.relational.FKIndexAssociation" directorySegmentName="seg_0" id="101EEC75-1068-E00B-577A-A39E6F1F0D91" containerWithKeyObject="F11A10C3-4ACA-4D8A-ADCC-4691C56D6A5D" localFKIndex="0E09D141-CD74-3C82-B9A3-FA699A2BAEC3" name="Relation_17_notificacion_FK">
<createdBy>root</createdBy>
<createdTime>2024-10-10 22:59:17 UTC</createdTime>
<generatorID>9CF5A6EF-FDEE-1CEF-B4FD-0947F33531DF</generatorID>
<ownerDesignName>Modelo</ownerDesignName>
<referredTableLongName>notificacion</referredTableLongName>
<deleteRule>NO ACTION</deleteRule>
<referredTableID>DC7E570D-B7F4-468F-0087-F36195DD170F</referredTableID>
<keyObject>3B645524-3A41-265B-1B0E-0E2DE05E7E24</keyObject>
<referredKeyID>3B645524-3A41-265B-1B0E-0E2DE05E7E24</referredKeyID>
<mandatory>true</mandatory>
<refColNames>id_notificacion</refColNames>
<transferable>true</transferable>
<rely>false</rely>
<columnDependencyConstraintGenerateInDDL>true</columnDependencyConstraintGenerateInDDL>
</FKIndexAssociation>