<?xml version = '1.0' encoding = 'UTF-8'?>
<FKIndexAssociation class="oracle.dbtools.crest.model.design.relational.FKIndexAssociation" directorySegmentName="seg_0" id="1340905D-FCCF-5E45-D45D-6D1F6C474720" containerWithKeyObject="CF24858A-0E5D-2606-5D5D-A21CFC4BD272" localFKIndex="7E082876-DD20-299F-BEA3-D6FA6462B81D" name="Relation_14_proceso_FK">
<createdBy>root</createdBy>
<createdTime>2024-10-10 22:59:17 UTC</createdTime>
<generatorID>595E2C81-1635-D4B4-F721-8670125C7F99</generatorID>
<ownerDesignName>Modelo</ownerDesignName>
<referredTableLongName>proceso</referredTableLongName>
<deleteRule>NO ACTION</deleteRule>
<referredTableID>63D87087-1A03-4ACF-8B5B-9621346A08EF</referredTableID>
<keyObject>BF9D424C-CD3C-279C-3D44-6D9071B3996F</keyObject>
<referredKeyID>BF9D424C-CD3C-279C-3D44-6D9071B3996F</referredKeyID>
<mandatory>true</mandatory>
<refColNames>id_proceso</refColNames>
<transferable>true</transferable>
<rely>false</rely>
<columnDependencyConstraintGenerateInDDL>true</columnDependencyConstraintGenerateInDDL>
</FKIndexAssociation>