<?xml version = '1.0' encoding = 'UTF-8'?>
<FKIndexAssociation class="oracle.dbtools.crest.model.design.relational.FKIndexAssociation" directorySegmentName="seg_0" id="26F37A3E-3DB1-A71C-5B50-806D94CD2709" containerWithKeyObject="63D87087-1A03-4ACF-8B5B-9621346A08EF" localFKIndex="B2F25DE0-BD06-49C8-CB37-D23A877D4584" name="Relation_15">
<createdBy>root</createdBy>
<createdTime>2024-10-10 22:59:17 UTC</createdTime>
<generatorID>F113996D-2337-2792-A818-79C168A5D2FA</generatorID>
<ownerDesignName>Modelo</ownerDesignName>
<referredTableLongName>servicio</referredTableLongName>
<deleteRule>NO ACTION</deleteRule>
<referredTableID>45FDE9EC-FFD5-7DA7-1A1D-3EDFE364E573</referredTableID>
<keyObject>3CE2C828-4B38-FD5D-287B-64D306CB3D0B</keyObject>
<referredKeyID>3CE2C828-4B38-FD5D-287B-64D306CB3D0B</referredKeyID>
<mandatory>true</mandatory>
<refColNames>id_servicio</refColNames>
<transferable>true</transferable>
<rely>false</rely>
<columnDependencyConstraintGenerateInDDL>true</columnDependencyConstraintGenerateInDDL>
</FKIndexAssociation>