<?xml version = '1.0' encoding = 'UTF-8'?>
<FKIndexAssociation class="oracle.dbtools.crest.model.design.relational.FKIndexAssociation" directorySegmentName="seg_0" id="28FD62B3-90C5-CCC7-3572-3B0AEBABDFFF" containerWithKeyObject="2872D887-D37C-9C34-B3A8-696986C6652E" localFKIndex="08398CEB-64EE-36A7-B5D8-8C38530F807E" name="Relation_11">
<createdBy>root</createdBy>
<createdTime>2024-10-10 22:59:17 UTC</createdTime>
<generatorID>D60DB02B-2814-567B-B65C-19575A251656</generatorID>
<ownerDesignName>Modelo</ownerDesignName>
<referredTableLongName>Vehiculo</referredTableLongName>
<deleteRule>NO ACTION</deleteRule>
<referredTableID>307F763E-E432-246E-6A2B-8954E3AF9CA1</referredTableID>
<keyObject>485D8F70-8817-20B1-56D6-B4476C3E13AC</keyObject>
<referredKeyID>485D8F70-8817-20B1-56D6-B4476C3E13AC</referredKeyID>
<mandatory>true</mandatory>
<refColNames>id_vehiculo</refColNames>
<transferable>true</transferable>
<rely>false</rely>
<columnDependencyConstraintGenerateInDDL>true</columnDependencyConstraintGenerateInDDL>
</FKIndexAssociation>