<?xml version = '1.0' encoding = 'UTF-8'?>
<FKIndexAssociation class="oracle.dbtools.crest.model.design.relational.FKIndexAssociation" directorySegmentName="seg_0" id="2D34F2A5-1070-8D68-2F14-0FD47FED3979" containerWithKeyObject="307F763E-E432-246E-6A2B-8954E3AF9CA1" localFKIndex="654828D3-F0C8-CEF1-8530-5D4C6924B24D" name="Relation_23">
<createdBy>root</createdBy>
<createdTime>2024-10-10 22:59:17 UTC</createdTime>
<generatorID>6210BDBE-8FBA-C52F-49E1-BB2DB62E7CCD</generatorID>
<ownerDesignName>Modelo</ownerDesignName>
<referredTableLongName>Dueño</referredTableLongName>
<deleteRule>NO ACTION</deleteRule>
<referredTableID>9EDB6C16-B1A5-25A1-ED24-732E8FD06AC1</referredTableID>
<keyObject>D5C8FE61-FC82-9265-7FFD-5DD78F650E42</keyObject>
<referredKeyID>D5C8FE61-FC82-9265-7FFD-5DD78F650E42</referredKeyID>
<mandatory>true</mandatory>
<refColNames>id_dueño</refColNames>
<transferable>true</transferable>
<rely>false</rely>
<columnDependencyConstraintGenerateInDDL>true</columnDependencyConstraintGenerateInDDL>
</FKIndexAssociation>