<?xml version = '1.0' encoding = 'UTF-8'?>
<FKIndexAssociation class="oracle.dbtools.crest.model.design.relational.FKIndexAssociation" directorySegmentName="seg_0" id="384EF0E1-0EE9-886E-16C6-818C87D03F44" containerWithKeyObject="CF24858A-0E5D-2606-5D5D-A21CFC4BD272" localFKIndex="22EF4BD2-5D86-E49C-453B-5AAF4C007BD9" name="Relation_14_pago_FK">
<createdBy>root</createdBy>
<createdTime>2024-10-10 22:59:17 UTC</createdTime>
<generatorID>595E2C81-1635-D4B4-F721-8670125C7F99</generatorID>
<ownerDesignName>Modelo</ownerDesignName>
<referredTableLongName>pago</referredTableLongName>
<deleteRule>NO ACTION</deleteRule>
<referredTableID>22A39177-199C-F721-EBE4-90CAD68130EF</referredTableID>
<keyObject>898C50DD-85E8-34A4-0998-8C838A4C4BE5</keyObject>
<referredKeyID>898C50DD-85E8-34A4-0998-8C838A4C4BE5</referredKeyID>
<mandatory>true</mandatory>
<refColNames>id_pago</refColNames>
<transferable>true</transferable>
<rely>false</rely>
<columnDependencyConstraintGenerateInDDL>true</columnDependencyConstraintGenerateInDDL>
</FKIndexAssociation>