<?xml version = '1.0' encoding = 'UTF-8'?>
<FKIndexAssociation class="oracle.dbtools.crest.model.design.relational.FKIndexAssociation" directorySegmentName="seg_0" id="4223BD20-A11D-798F-C6D1-C9AA48F1BF7A" containerWithKeyObject="63D87087-1A03-4ACF-8B5B-9621346A08EF" localFKIndex="BAE8335D-9A01-00C5-B882-D5C343AE0F33" name="Relation_16">
<createdBy>root</createdBy>
<createdTime>2024-10-10 22:59:17 UTC</createdTime>
<generatorID>4DE03A69-6AF4-DEAB-9C44-A340EA94275B</generatorID>
<ownerDesignName>Modelo</ownerDesignName>
<referredTableLongName>Trabajador</referredTableLongName>
<deleteRule>NO ACTION</deleteRule>
<referredTableID>7FB35A8A-96F7-34EA-173D-02D826120976</referredTableID>
<keyObject>3BACBA8B-166A-0DEA-1997-E295291A2E31</keyObject>
<referredKeyID>3BACBA8B-166A-0DEA-1997-E295291A2E31</referredKeyID>
<mandatory>true</mandatory>
<refColNames>id_trabajador</refColNames>
<transferable>true</transferable>
<rely>false</rely>
<columnDependencyConstraintGenerateInDDL>true</columnDependencyConstraintGenerateInDDL>
</FKIndexAssociation>