<?xml version = '1.0' encoding = 'UTF-8'?>
<FKIndexAssociation class="oracle.dbtools.crest.model.design.relational.FKIndexAssociation" directorySegmentName="seg_0" id="953544D1-9FF3-257B-5D4F-F131BD89DC2D" containerWithKeyObject="CF331D50-BE08-2C53-83A5-ADA617BA36A3" localFKIndex="9DB60B71-05D0-D4BF-8790-7F8CFF313A03" name="Relation_22_proceso_FK">
<createdBy>root</createdBy>
<createdTime>2024-10-10 22:59:17 UTC</createdTime>
<generatorID>DFD2E28E-2B6E-701C-0FE6-F5E4FEF276D9</generatorID>
<ownerDesignName>Modelo</ownerDesignName>
<referredTableLongName>proceso</referredTableLongName>
<deleteRule>NO ACTION</deleteRule>
<referredTableID>63D87087-1A03-4ACF-8B5B-9621346A08EF</referredTableID>
<keyObject>BF9D424C-CD3C-279C-3D44-6D9071B3996F</keyObject>
<referredKeyID>BF9D424C-CD3C-279C-3D44-6D9071B3996F</referredKeyID>
<mandatory>true</mandatory>
<refColNames>id_proceso</refColNames>
<transferable>true</transferable>
<rely>false</rely>
<columnDependencyConstraintGenerateInDDL>true</columnDependencyConstraintGenerateInDDL>
</FKIndexAssociation>