<?xml version = '1.0' encoding = 'UTF-8'?>
<FKIndexAssociation class="oracle.dbtools.crest.model.design.relational.FKIndexAssociation" directorySegmentName="seg_0" id="9FB586FB-172C-25E9-896E-553418115803" containerWithKeyObject="04613997-EA7B-6C60-31BA-427CFE87435C" localFKIndex="A51F8769-1EFE-C3A0-7B16-D50C3F67DC3C" name="Relation_19">
<createdBy>root</createdBy>
<createdTime>2024-10-10 22:59:17 UTC</createdTime>
<generatorID>B06B41C6-3854-DEDD-D494-18EDB428FEC1</generatorID>
<ownerDesignName>Modelo</ownerDesignName>
<referredTableLongName>Dueño</referredTableLongName>
<deleteRule>NO ACTION</deleteRule>
<referredTableID>9EDB6C16-B1A5-25A1-ED24-732E8FD06AC1</referredTableID>
<keyObject>D5C8FE61-FC82-9265-7FFD-5DD78F650E42</keyObject>
<referredKeyID>D5C8FE61-FC82-9265-7FFD-5DD78F650E42</referredKeyID>
<mandatory>true</mandatory>
<refColNames>id_dueño</refColNames>
<transferable>true</transferable>
<rely>false</rely>
<columnDependencyConstraintGenerateInDDL>true</columnDependencyConstraintGenerateInDDL>
</FKIndexAssociation>