<?xml version = '1.0' encoding = 'UTF-8'?>
<FKIndexAssociation class="oracle.dbtools.crest.model.design.relational.FKIndexAssociation" directorySegmentName="seg_0" id="A01257AE-C528-7F45-0E2A-4444833B6A59" containerWithKeyObject="04613997-EA7B-6C60-31BA-427CFE87435C" localFKIndex="45491839-1292-F8AC-3F18-6269AD3A88B2" name="Relation_24">
<createdBy>root</createdBy>
<createdTime>2024-10-10 22:59:17 UTC</createdTime>
<generatorID>919437D9-96D4-EFB5-1276-EBFB77F8A688</generatorID>
<ownerDesignName>Modelo</ownerDesignName>
<referredTableLongName>pago</referredTableLongName>
<deleteRule>NO ACTION</deleteRule>
<referredTableID>22A39177-199C-F721-EBE4-90CAD68130EF</referredTableID>
<keyObject>898C50DD-85E8-34A4-0998-8C838A4C4BE5</keyObject>
<referredKeyID>898C50DD-85E8-34A4-0998-8C838A4C4BE5</referredKeyID>
<mandatory>true</mandatory>
<refColNames>id_pago</refColNames>
<transferable>true</transferable>
<rely>false</rely>
<columnDependencyConstraintGenerateInDDL>true</columnDependencyConstraintGenerateInDDL>
</FKIndexAssociation>