<?xml version = '1.0' encoding = 'UTF-8'?>
<FKIndexAssociation class="oracle.dbtools.crest.model.design.relational.FKIndexAssociation" directorySegmentName="seg_0" id="C01833B7-4068-0B8B-2404-A0C2A92FB400" containerWithKeyObject="577FFBAF-A679-562B-B280-71233AAC6F61" localFKIndex="903E2A59-FA9D-FA83-905D-67129BFB2A51" name="Relation_13_proceso_FK">
<createdBy>root</createdBy>
<createdTime>2024-10-10 22:59:17 UTC</createdTime>
<generatorID>1D49B1A4-6DAA-A28D-3B28-7BDA5201062D</generatorID>
<ownerDesignName>Modelo</ownerDesignName>
<referredTableLongName>proceso</referredTableLongName>
<deleteRule>NO ACTION</deleteRule>
<referredTableID>63D87087-1A03-4ACF-8B5B-9621346A08EF</referredTableID>
<keyObject>BF9D424C-CD3C-279C-3D44-6D9071B3996F</keyObject>
<referredKeyID>BF9D424C-CD3C-279C-3D44-6D9071B3996F</referredKeyID>
<mandatory>true</mandatory>
<refColNames>id_proceso</refColNames>
<transferable>true</transferable>
<rely>false</rely>
<columnDependencyConstraintGenerateInDDL>true</columnDependencyConstraintGenerateInDDL>
</FKIndexAssociation>