<?xml version = '1.0' encoding = 'UTF-8'?>
<FKIndexAssociation class="oracle.dbtools.crest.model.design.relational.FKIndexAssociation" directorySegmentName="seg_0" id="D87269BB-5BE0-19E8-98EC-AB68FFDF641C" containerWithKeyObject="577FFBAF-A679-562B-B280-71233AAC6F61" localFKIndex="C3FFD2A9-D924-0835-8020-1130837FC1A3" name="Relation_13_Vehiculo_FK">
<createdBy>root</createdBy>
<createdTime>2024-10-10 22:59:17 UTC</createdTime>
<generatorID>1D49B1A4-6DAA-A28D-3B28-7BDA5201062D</generatorID>
<ownerDesignName>Modelo</ownerDesignName>
<referredTableLongName>Vehiculo</referredTableLongName>
<deleteRule>NO ACTION</deleteRule>
<referredTableID>307F763E-E432-246E-6A2B-8954E3AF9CA1</referredTableID>
<keyObject>485D8F70-8817-20B1-56D6-B4476C3E13AC</keyObject>
<referredKeyID>485D8F70-8817-20B1-56D6-B4476C3E13AC</referredKeyID>
<mandatory>true</mandatory>
<refColNames>id_vehiculo</refColNames>
<transferable>true</transferable>
<rely>false</rely>
<columnDependencyConstraintGenerateInDDL>true</columnDependencyConstraintGenerateInDDL>
</FKIndexAssociation>