<?xml version = '1.0' encoding = 'UTF-8'?>
<FKIndexAssociation class="oracle.dbtools.crest.model.design.relational.FKIndexAssociation" directorySegmentName="seg_0" id="ED49E0F0-CBC8-9DE2-9246-B1B4CF8EB331" containerWithKeyObject="F11A10C3-4ACA-4D8A-ADCC-4691C56D6A5D" localFKIndex="FA532742-01E2-F12E-6F96-982F4B20E9D5" name="Relation_17_proceso_FK">
<createdBy>root</createdBy>
<createdTime>2024-10-10 22:59:17 UTC</createdTime>
<generatorID>9CF5A6EF-FDEE-1CEF-B4FD-0947F33531DF</generatorID>
<ownerDesignName>Modelo</ownerDesignName>
<referredTableLongName>proceso</referredTableLongName>
<deleteRule>NO ACTION</deleteRule>
<referredTableID>63D87087-1A03-4ACF-8B5B-9621346A08EF</referredTableID>
<keyObject>BF9D424C-CD3C-279C-3D44-6D9071B3996F</keyObject>
<referredKeyID>BF9D424C-CD3C-279C-3D44-6D9071B3996F</referredKeyID>
<mandatory>true</mandatory>
<refColNames>id_proceso</refColNames>
<transferable>true</transferable>
<rely>false</rely>
<columnDependencyConstraintGenerateInDDL>true</columnDependencyConstraintGenerateInDDL>
</FKIndexAssociation>